name,slottime_GMT,slottype,slotavg,pointTitle,Date,Electric (kW),Steam (lbs/hr)
CascadillaHall.Elec.PowerScout3/kWsystem,2024-01-02 00:00:00,D,43.216666666,,2024-01-02,43.216666666,680.516398958
CascadillaHall.STM.M22-V/AverageMassFlow,2024-01-02 00:00:00,D,680.516398958,Steam,2024-01-03,44.504166666,646.194830208
CascadillaHall.Elec.PowerScout3/kWsystem,2024-01-03 00:00:00,D,44.504166666,,2024-01-04,44.746875000,685.034914583
CascadillaHall.STM.M22-V/AverageMassFlow,2024-01-03 00:00:00,D,646.194830208,Steam,2024-01-05,44.639583333,787.468120833
CascadillaHall.Elec.PowerScout3/kWsystem,2024-01-04 00:00:00,D,44.746875000,,2024-01-06,43.763541666,786.428471875
CascadillaHall.STM.M22-V/AverageMassFlow,2024-01-04 00:00:00,D,685.034914583,Steam,2024-01-07,43.514583333,733.771357291
CascadillaHall.Elec.PowerScout3/kWsystem,2024-01-05 00:00:00,D,44.639583333,,2024-01-08,44.310416666,680.903182291
CascadillaHall.STM.M22-V/AverageMassFlow,2024-01-05 00:00:00,D,787.468120833,Steam,2024-01-09,44.789583333,635.247193750
CascadillaHall.Elec.PowerScout3/kWsystem,2024-01-06 00:00:00,D,43.763541666,,2024-01-10,43.919791666,503.969525000
CascadillaHall.STM.M22-V/AverageMassFlow,2024-01-06 00:00:00,D,786.428471875,Steam,2024-01-11,44.602083333,611.270126041
CascadillaHall.Elec.PowerScout3/kWsystem,2024-01-07 00:00:00,D,43.514583333,,2024-01-12,44.742708333,571.420490625
CascadillaHall.STM.M22-V/AverageMassFlow,2024-01-07 00:00:00,D,733.771357291,Steam,2024-01-13,43.466666666,531.580869791
CascadillaHall.Elec.PowerScout3/kWsystem,2024-01-08 00:00:00,D,44.310416666,,2024-01-14,44.281250000,751.726078125
CascadillaHall.STM.M22-V/AverageMassFlow,2024-01-08 00:00:00,D,680.903182291,Steam,2024-01-15,46.134375000,842.836903125
CascadillaHall.Elec.PowerScout3/kWsystem,2024-01-09 00:00:00,D,44.789583333,,2024-01-16,46.609375000,856.319600000
CascadillaHall.STM.M22-V/AverageMassFlow,2024-01-09 00:00:00,D,635.247193750,Steam,2024-01-17,47.042708333,820.385229166
CascadillaHall.Elec.PowerScout3/kWsystem,2024-01-10 00:00:00,D,43.919791666,,2024-01-18,50.386458333,864.948480208
CascadillaHall.STM.M22-V/AverageMassFlow,2024-01-10 00:00:00,D,503.969525000,Steam,2024-01-19,55.341666666,929.763145833
CascadillaHall.Elec.PowerScout3/kWsystem,2024-01-11 00:00:00,D,44.602083333,,2024-01-20,56.587500000,935.624080208
CascadillaHall.STM.M22-V/AverageMassFlow,2024-01-11 00:00:00,D,611.270126041,Steam,2024-01-21,63.662500000,1015.208843750
CascadillaHall.Elec.PowerScout3/kWsystem,2024-01-12 00:00:00,D,44.742708333,,2024-01-22,64.848958333,986.948119791
CascadillaHall.STM.M22-V/AverageMassFlow,2024-01-12 00:00:00,D,571.420490625,Steam,2024-01-23,65.030208333,636.053832604
CascadillaHall.Elec.PowerScout3/kWsystem,2024-01-13 00:00:00,D,43.466666666,,2024-01-24,66.685416666,52.762787291
CascadillaHall.STM.M22-V/AverageMassFlow,2024-01-13 00:00:00,D,531.580869791,Steam,2024-01-25,66.536458333,28.691023854
CascadillaHall.Elec.PowerScout3/kWsystem,2024-01-14 00:00:00,D,44.281250000,,2024-01-26,66.551041666,31.457017812
CascadillaHall.STM.M22-V/AverageMassFlow,2024-01-14 00:00:00,D,751.726078125,Steam,2024-01-27,66.403125000,31.790304583
CascadillaHall.Elec.PowerScout3/kWsystem,2024-01-15 00:00:00,D,46.134375000,,2024-01-28,67.812500000,28.977520937
CascadillaHall.STM.M22-V/AverageMassFlow,2024-01-15 00:00:00,D,842.836903125,Steam,2024-01-29,66.352083333,46.465120416
CascadillaHall.Elec.PowerScout3/kWsystem,2024-01-16 00:00:00,D,46.609375000,,2024-01-30,65.422916666,73.097275833
CascadillaHall.STM.M22-V/AverageMassFlow,2024-01-16 00:00:00,D,856.319600000,Steam,2024-01-31,66.190625000,47.472561145
CascadillaHall.Elec.PowerScout3/kWsystem,2024-01-17 00:00:00,D,47.042708333,,2024-02-01,65.276041666,38.266634895
CascadillaHall.STM.M22-V/AverageMassFlow,2024-01-17 00:00:00,D,820.385229166,Steam,2024-02-02,69.050000000,37.077998020
CascadillaHall.Elec.PowerScout3/kWsystem,2024-01-18 00:00:00,D,50.386458333,,2024-02-03,66.537500000,46.867231979
CascadillaHall.STM.M22-V/AverageMassFlow,2024-01-18 00:00:00,D,864.948480208,Steam,2024-02-04,66.246875000,47.318628125
CascadillaHall.Elec.PowerScout3/kWsystem,2024-01-19 00:00:00,D,55.341666666,,2024-02-05,64.752083333,58.721860416
CascadillaHall.STM.M22-V/AverageMassFlow,2024-01-19 00:00:00,D,929.763145833,Steam,2024-02-06,66.838541666,67.430360104
CascadillaHall.Elec.PowerScout3/kWsystem,2024-01-20 00:00:00,D,56.587500000,,2024-02-07,65.895833333,67.133023229
CascadillaHall.STM.M22-V/AverageMassFlow,2024-01-20 00:00:00,D,935.624080208,Steam,2024-02-08,68.037500000,40.258544270
CascadillaHall.Elec.PowerScout3/kWsystem,2024-01-21 00:00:00,D,63.662500000,,2024-02-09,66.588541666,13.664562604
CascadillaHall.STM.M22-V/AverageMassFlow,2024-01-21 00:00:00,D,1015.208843750,Steam,2024-02-10,67.389583333,20.942905208
CascadillaHall.Elec.PowerScout3/kWsystem,2024-01-22 00:00:00,D,64.848958333,,2024-02-11,70.230208333,23.525259895
CascadillaHall.STM.M22-V/AverageMassFlow,2024-01-22 00:00:00,D,986.948119791,Steam,2024-02-12,66.098958333,41.803952708
CascadillaHall.Elec.PowerScout3/kWsystem,2024-01-23 00:00:00,D,65.030208333,,2024-02-13,65.623958333,52.421386250
CascadillaHall.STM.M22-V/AverageMassFlow,2024-01-23 00:00:00,D,636.053832604,Steam,2024-02-14,63.676041666,353.207741250
CascadillaHall.Elec.PowerScout3/kWsystem,2024-01-24 00:00:00,D,66.685416666,,2024-02-15,63.693750000,848.145893958
CascadillaHall.STM.M22-V/AverageMassFlow,2024-01-24 00:00:00,D,52.762787291,Steam,2024-02-16,65.815625000,72.804226666
CascadillaHall.Elec.PowerScout3/kWsystem,2024-01-25 00:00:00,D,66.536458333,,2024-02-17,67.959375000,77.695601666
CascadillaHall.STM.M22-V/AverageMassFlow,2024-01-25 00:00:00,D,28.691023854,Steam,2024-02-18,66.754166666,216.615908750
CascadillaHall.Elec.PowerScout3/kWsystem,2024-01-26 00:00:00,D,66.551041666,,2024-02-19,65.880208333,115.100976875
CascadillaHall.STM.M22-V/AverageMassFlow,2024-01-26 00:00:00,D,31.457017812,Steam,2024-02-20,67.051041666,530.330960625
CascadillaHall.Elec.PowerScout3/kWsystem,2024-01-27 00:00:00,D,66.403125000,,2024-02-21,66.441666666,75.746659479
CascadillaHall.STM.M22-V/AverageMassFlow,2024-01-27 00:00:00,D,31.790304583,Steam,2024-02-22,66.168750000,44.495171354
CascadillaHall.Elec.PowerScout3/kWsystem,2024-01-28 00:00:00,D,67.812500000,,2024-02-23,68.251041666,38.556671666
CascadillaHall.STM.M22-V/AverageMassFlow,2024-01-28 00:00:00,D,28.977520937,Steam,2024-02-24,61.228125000,157.403663020
CascadillaHall.Elec.PowerScout3/kWsystem,2024-01-29 00:00:00,D,66.352083333,,2024-02-25,58.762500000,442.816740625
CascadillaHall.STM.M22-V/AverageMassFlow,2024-01-29 00:00:00,D,46.465120416,Steam,2024-02-26,61.208333333,10.177835625
CascadillaHall.Elec.PowerScout3/kWsystem,2024-01-30 00:00:00,D,65.422916666,,2024-02-27,60.543750000,8.177757395
CascadillaHall.STM.M22-V/AverageMassFlow,2024-01-30 00:00:00,D,73.097275833,Steam,2024-02-28,63.332291666,145.816821875
CascadillaHall.Elec.PowerScout3/kWsystem,2024-01-31 00:00:00,D,66.190625000,,2024-02-29,66.385416666,81.953203645
CascadillaHall.STM.M22-V/AverageMassFlow,2024-01-31 00:00:00,D,47.472561145,Steam,2024-03-01,66.101041666,411.442200729
CascadillaHall.Elec.PowerScout3/kWsystem,2024-02-01 00:00:00,D,65.276041666,,2024-03-02,68.911458333,21.036407291
CascadillaHall.STM.M22-V/AverageMassFlow,2024-02-01 00:00:00,D,38.266634895,Steam,2024-03-03,65.247916666,8.554117291
CascadillaHall.Elec.PowerScout3/kWsystem,2024-02-02 00:00:00,D,69.050000000,,2024-03-04,64.480208333,11.613172291
CascadillaHall.STM.M22-V/AverageMassFlow,2024-02-02 00:00:00,D,37.077998020,Steam,2024-03-05,65.359375000,13.617382604
CascadillaHall.Elec.PowerScout3/kWsystem,2024-02-03 00:00:00,D,66.537500000,,2024-03-06,66.667708333,5.265026145
CascadillaHall.STM.M22-V/AverageMassFlow,2024-02-03 00:00:00,D,46.867231979,Steam,2024-03-07,64.917708333,22.462227395
CascadillaHall.Elec.PowerScout3/kWsystem,2024-02-04 00:00:00,D,66.246875000,,2024-03-08,65.796875000,31.097068854
CascadillaHall.STM.M22-V/AverageMassFlow,2024-02-04 00:00:00,D,47.318628125,Steam,2024-03-09,66.876041666,16.404442395
CascadillaHall.Elec.PowerScout3/kWsystem,2024-02-05 00:00:00,D,64.752083333,,2024-03-10,66.692708333,23.043113958
CascadillaHall.STM.M22-V/AverageMassFlow,2024-02-05 00:00:00,D,58.721860416,Steam,2024-03-11,64.355208333,48.901126458
CascadillaHall.Elec.PowerScout3/kWsystem,2024-02-06 00:00:00,D,66.838541666,,2024-03-12,67.026041666,24.110788125
CascadillaHall.STM.M22-V/AverageMassFlow,2024-02-06 00:00:00,D,67.430360104,Steam,2024-03-13,64.290625000,10.701340312
CascadillaHall.Elec.PowerScout3/kWsystem,2024-02-07 00:00:00,D,65.895833333,,2024-03-14,64.560416666,26.090580625
CascadillaHall.STM.M22-V/AverageMassFlow,2024-02-07 00:00:00,D,67.133023229,Steam,2024-03-15,68.307291666,13.683026041
CascadillaHall.Elec.PowerScout3/kWsystem,2024-02-08 00:00:00,D,68.037500000,,2024-03-16,67.429166666,12.330595729
CascadillaHall.STM.M22-V/AverageMassFlow,2024-02-08 00:00:00,D,40.258544270,Steam,2024-03-17,66.801041666,9.074008020
CascadillaHall.Elec.PowerScout3/kWsystem,2024-02-09 00:00:00,D,66.588541666,,2024-03-18,66.267708333,30.966926666
CascadillaHall.STM.M22-V/AverageMassFlow,2024-02-09 00:00:00,D,13.664562604,Steam,2024-03-19,63.641666666,44.491885104
CascadillaHall.Elec.PowerScout3/kWsystem,2024-02-10 00:00:00,D,67.389583333,,2024-03-20,65.926041666,32.444644375
CascadillaHall.STM.M22-V/AverageMassFlow,2024-02-10 00:00:00,D,20.942905208,Steam,2024-03-21,65.876041666,52.679149166
CascadillaHall.Elec.PowerScout3/kWsystem,2024-02-11 00:00:00,D,70.230208333,,2024-03-22,69.373958333,55.429196666
CascadillaHall.STM.M22-V/AverageMassFlow,2024-02-11 00:00:00,D,23.525259895,Steam,2024-03-23,67.621875000,51.233569687
CascadillaHall.Elec.PowerScout3/kWsystem,2024-02-12 00:00:00,D,66.098958333,,2024-03-24,66.250000000,45.634612916
CascadillaHall.STM.M22-V/AverageMassFlow,2024-02-12 00:00:00,D,41.803952708,Steam,2024-03-25,64.732291666,46.434251770
CascadillaHall.Elec.PowerScout3/kWsystem,2024-02-13 00:00:00,D,65.623958333,,2024-03-26,65.423958333,46.556525833
CascadillaHall.STM.M22-V/AverageMassFlow,2024-02-13 00:00:00,D,52.421386250,Steam,2024-03-27,63.527083333,89.257167708
CascadillaHall.Elec.PowerScout3/kWsystem,2024-02-14 00:00:00,D,63.676041666,,2024-03-28,67.654166666,269.706378333
CascadillaHall.STM.M22-V/AverageMassFlow,2024-02-14 00:00:00,D,353.207741250,Steam,2024-03-29,67.893750000,27.480504166
CascadillaHall.Elec.PowerScout3/kWsystem,2024-02-15 00:00:00,D,63.693750000,,2024-03-30,58.366666666,11.039979895
CascadillaHall.STM.M22-V/AverageMassFlow,2024-02-15 00:00:00,D,848.145893958,Steam,2024-03-31,53.826041666,5.194821979
CascadillaHall.Elec.PowerScout3/kWsystem,2024-02-16 00:00:00,D,65.815625000,,2024-04-01,53.934375000,4.938292500
CascadillaHall.STM.M22-V/AverageMassFlow,2024-02-16 00:00:00,D,72.804226666,Steam,2024-04-02,52.387500000,3.853373645
CascadillaHall.Elec.PowerScout3/kWsystem,2024-02-17 00:00:00,D,67.959375000,,2024-04-03,51.596842105,4.893884375
CascadillaHall.STM.M22-V/AverageMassFlow,2024-02-17 00:00:00,D,77.695601666,Steam,2024-04-04,52.082291666,6.403579687
CascadillaHall.Elec.PowerScout3/kWsystem,2024-02-18 00:00:00,D,66.754166666,,2024-04-05,52.024489795,10.761175102
CascadillaHall.STM.M22-V/AverageMassFlow,2024-02-18 00:00:00,D,216.615908750,Steam,2024-04-06,55.000000000,6.719306250
CascadillaHall.Elec.PowerScout3/kWsystem,2024-02-19 00:00:00,D,65.880208333,,2024-04-07,58.195833333,4.347200000
CascadillaHall.STM.M22-V/AverageMassFlow,2024-02-19 00:00:00,D,115.100976875,Steam,2024-04-08,62.258333333,15.778787708
CascadillaHall.Elec.PowerScout3/kWsystem,2024-02-20 00:00:00,D,67.051041666,,2024-04-09,58.945833333,18.155765208
CascadillaHall.STM.M22-V/AverageMassFlow,2024-02-20 00:00:00,D,530.330960625,Steam,2024-04-10,60.969230769,0.462376615
CascadillaHall.Elec.PowerScout3/kWsystem,2024-02-21 00:00:00,D,66.441666666,,2024-04-11,59.534375000,0.894434479
CascadillaHall.STM.M22-V/AverageMassFlow,2024-02-21 00:00:00,D,75.746659479,Steam,2024-04-12,60.898958333,11.871372916
CascadillaHall.Elec.PowerScout3/kWsystem,2024-02-22 00:00:00,D,66.168750000,,2024-04-13,65.528125000,13.430511250
CascadillaHall.STM.M22-V/AverageMassFlow,2024-02-22 00:00:00,D,44.495171354,Steam,2024-04-14,66.225000000,5.466771250
CascadillaHall.Elec.PowerScout3/kWsystem,2024-02-23 00:00:00,D,68.251041666,,2024-04-15,64.270833333,16.398415520
CascadillaHall.STM.M22-V/AverageMassFlow,2024-02-23 00:00:00,D,38.556671666,Steam,2024-04-16,62.626041666,17.111587500
CascadillaHall.Elec.PowerScout3/kWsystem,2024-02-24 00:00:00,D,61.228125000,,2024-04-17,63.676041666,29.453582500
CascadillaHall.STM.M22-V/AverageMassFlow,2024-02-24 00:00:00,D,157.403663020,Steam,2024-04-18,63.327083333,25.804018437
CascadillaHall.Elec.PowerScout3/kWsystem,2024-02-25 00:00:00,D,58.762500000,,2024-04-19,64.821875000,2.403644895
CascadillaHall.STM.M22-V/AverageMassFlow,2024-02-25 00:00:00,D,442.816740625,Steam,2024-04-20,66.612500000,14.895005000
CascadillaHall.Elec.PowerScout3/kWsystem,2024-02-26 00:00:00,D,61.208333333,,2024-04-21,67.466666666,6.955256145
CascadillaHall.STM.M22-V/AverageMassFlow,2024-02-26 00:00:00,D,10.177835625,Steam,2024-04-22,64.355208333,24.157060625
CascadillaHall.Elec.PowerScout3/kWsystem,2024-02-27 00:00:00,D,60.543750000,,2024-04-23,62.991666666,15.372469479
CascadillaHall.STM.M22-V/AverageMassFlow,2024-02-27 00:00:00,D,8.177757395,Steam,2024-04-24,64.923958333,14.430914895
CascadillaHall.Elec.PowerScout3/kWsystem,2024-02-28 00:00:00,D,63.332291666,,2024-04-25,64.881250000,24.676558541
CascadillaHall.STM.M22-V/AverageMassFlow,2024-02-28 00:00:00,D,145.816821875,Steam,2024-04-26,63.187500000,21.994350000
CascadillaHall.Elec.PowerScout3/kWsystem,2024-02-29 00:00:00,D,66.385416666,,2024-04-27,63.914583333,21.459041979
CascadillaHall.STM.M22-V/AverageMassFlow,2024-02-29 00:00:00,D,81.953203645,Steam,2024-04-28,61.862500000,1.747194687
CascadillaHall.Elec.PowerScout3/kWsystem,2024-03-01 00:00:00,D,66.101041666,,2024-04-29,59.544791666,0.350128333
CascadillaHall.STM.M22-V/AverageMassFlow,2024-03-01 00:00:00,D,411.442200729,Steam,2024-04-30,59.715625000,0.581501250
CascadillaHall.Elec.PowerScout3/kWsystem,2024-03-02 00:00:00,D,68.911458333,,2024-05-01,60.035416666,205.377345416
CascadillaHall.STM.M22-V/AverageMassFlow,2024-03-02 00:00:00,D,21.036407291,Steam,2024-05-02,58.459375000,109.092082500
CascadillaHall.Elec.PowerScout3/kWsystem,2024-03-03 00:00:00,D,65.247916666,,2024-05-03,61.546875000,248.038668333
CascadillaHall.STM.M22-V/AverageMassFlow,2024-03-03 00:00:00,D,8.554117291,Steam,2024-05-04,61.182291666,108.584690312
CascadillaHall.Elec.PowerScout3/kWsystem,2024-03-04 00:00:00,D,64.480208333,,2024-05-05,65.570833333,292.688515000
CascadillaHall.STM.M22-V/AverageMassFlow,2024-03-04 00:00:00,D,11.613172291,Steam,2024-05-06,60.740625000,101.958669687
CascadillaHall.Elec.PowerScout3/kWsystem,2024-03-05 00:00:00,D,65.359375000,,2024-05-07,61.412500000,265.193061145
CascadillaHall.STM.M22-V/AverageMassFlow,2024-03-05 00:00:00,D,13.617382604,Steam,2024-05-08,60.673958333,126.858760312
CascadillaHall.Elec.PowerScout3/kWsystem,2024-03-06 00:00:00,D,66.667708333,,2024-05-09,61.911458333,90.339942187
CascadillaHall.STM.M22-V/AverageMassFlow,2024-03-06 00:00:00,D,5.265026145,Steam,2024-05-10,66.295833333,15.062747395
CascadillaHall.Elec.PowerScout3/kWsystem,2024-03-07 00:00:00,D,64.917708333,,2024-05-11,63.642708333,10.346015937
CascadillaHall.STM.M22-V/AverageMassFlow,2024-03-07 00:00:00,D,22.462227395,Steam,2024-05-12,61.797916666,323.868239479
CascadillaHall.Elec.PowerScout3/kWsystem,2024-03-08 00:00:00,D,65.796875000,,2024-05-13,62.525000000,116.957791458
CascadillaHall.STM.M22-V/AverageMassFlow,2024-03-08 00:00:00,D,31.097068854,Steam,2024-05-14,58.896875000,0.515211979
CascadillaHall.Elec.PowerScout3/kWsystem,2024-03-09 00:00:00,D,66.876041666,,2024-05-15,61.960416666,0.340496250
CascadillaHall.STM.M22-V/AverageMassFlow,2024-03-09 00:00:00,D,16.404442395,Steam,2024-05-16,61.921875000,0.520057916
CascadillaHall.Elec.PowerScout3/kWsystem,2024-03-10 00:00:00,D,66.692708333,,2024-05-17,62.052083333,0.200254166
CascadillaHall.STM.M22-V/AverageMassFlow,2024-03-10 00:00:00,D,23.043113958,Steam,2024-05-18,59.075000000,0.208151666
CascadillaHall.Elec.PowerScout3/kWsystem,2024-03-11 00:00:00,D,64.355208333,,2024-05-19,51.368750000,0.000000000
CascadillaHall.STM.M22-V/AverageMassFlow,2024-03-11 00:00:00,D,48.901126458,Steam,2024-05-20,44.032291666,0.000000000
CascadillaHall.Elec.PowerScout3/kWsystem,2024-03-12 00:00:00,D,67.026041666,,2024-05-21,43.189583333,0.027006666
CascadillaHall.STM.M22-V/AverageMassFlow,2024-03-12 00:00:00,D,24.110788125,Steam,2024-05-22,43.839583333,0.000000000
CascadillaHall.Elec.PowerScout3/kWsystem,2024-03-13 00:00:00,D,64.290625000,,2024-05-23,45.156250000,0.000000000
CascadillaHall.STM.M22-V/AverageMassFlow,2024-03-13 00:00:00,D,10.701340312,Steam,2024-05-24,45.829166666,42.659147500
CascadillaHall.Elec.PowerScout3/kWsystem,2024-03-14 00:00:00,D,64.560416666,,2024-05-25,46.054166666,106.095698437
CascadillaHall.STM.M22-V/AverageMassFlow,2024-03-14 00:00:00,D,26.090580625,Steam,2024-05-26,41.504166666,51.735879687
CascadillaHall.Elec.PowerScout3/kWsystem,2024-03-15 00:00:00,D,68.307291666,,2024-05-27,38.205208333,48.359260729
CascadillaHall.STM.M22-V/AverageMassFlow,2024-03-15 00:00:00,D,13.683026041,Steam,2024-05-28,34.184375000,20.045935520
CascadillaHall.Elec.PowerScout3/kWsystem,2024-03-16 00:00:00,D,67.429166666,,2024-05-29,22.160416666,0.064773333
CascadillaHall.STM.M22-V/AverageMassFlow,2024-03-16 00:00:00,D,12.330595729,Steam,2024-05-30,24.082291666,0.000000000
CascadillaHall.Elec.PowerScout3/kWsystem,2024-03-17 00:00:00,D,66.801041666,,2024-05-31,23.487500000,506.947182083
CascadillaHall.STM.M22-V/AverageMassFlow,2024-03-17 00:00:00,D,9.074008020,Steam,2024-06-01,23.834375000,467.100433333
CascadillaHall.Elec.PowerScout3/kWsystem,2024-03-18 00:00:00,D,66.267708333,,2024-06-02,24.587500000,439.458216666
CascadillaHall.STM.M22-V/AverageMassFlow,2024-03-18 00:00:00,D,30.966926666,Steam,2024-06-03,24.051041666,239.951582083
CascadillaHall.Elec.PowerScout3/kWsystem,2024-03-19 00:00:00,D,63.641666666,,2024-06-04,22.494791666,46.846140312
CascadillaHall.STM.M22-V/AverageMassFlow,2024-03-19 00:00:00,D,44.491885104,Steam,2024-06-05,21.965625000,45.717120000
CascadillaHall.Elec.PowerScout3/kWsystem,2024-03-20 00:00:00,D,65.926041666,,2024-06-06,22.345833333,45.240171354
CascadillaHall.STM.M22-V/AverageMassFlow,2024-03-20 00:00:00,D,32.444644375,Steam,2024-06-07,23.886458333,46.804913541
CascadillaHall.Elec.PowerScout3/kWsystem,2024-03-21 00:00:00,D,65.876041666,,2024-06-08,20.411458333,47.807374479
CascadillaHall.STM.M22-V/AverageMassFlow,2024-03-21 00:00:00,D,52.679149166,Steam,2024-06-09,20.735416666,48.832866770
CascadillaHall.Elec.PowerScout3/kWsystem,2024-03-22 00:00:00,D,69.373958333,,2024-06-10,22.632291666,50.514441666
CascadillaHall.STM.M22-V/AverageMassFlow,2024-03-22 00:00:00,D,55.429196666,Steam,2024-06-11,23.685416666,50.460761354
CascadillaHall.Elec.PowerScout3/kWsystem,2024-03-23 00:00:00,D,67.621875000,,2024-06-12,23.262500000,51.042898645
CascadillaHall.STM.M22-V/AverageMassFlow,2024-03-23 00:00:00,D,51.233569687,Steam,2024-06-13,22.478125000,48.973690104
CascadillaHall.Elec.PowerScout3/kWsystem,2024-03-24 00:00:00,D,66.250000000,,2024-06-14,22.269791666,46.806631562
CascadillaHall.STM.M22-V/AverageMassFlow,2024-03-24 00:00:00,D,45.634612916,Steam,2024-06-15,20.107291666,47.953941145
CascadillaHall.Elec.PowerScout3/kWsystem,2024-03-25 00:00:00,D,64.732291666,,2024-06-16,20.207291666,47.946766354
CascadillaHall.STM.M22-V/AverageMassFlow,2024-03-25 00:00:00,D,46.434251770,Steam,2024-06-17,21.677083333,47.822054270
CascadillaHall.Elec.PowerScout3/kWsystem,2024-03-26 00:00:00,D,65.423958333,,2024-06-18,22.488541666,46.901205416
CascadillaHall.STM.M22-V/AverageMassFlow,2024-03-26 00:00:00,D,46.556525833,Steam,2024-06-19,23.436458333,46.211586041
CascadillaHall.Elec.PowerScout3/kWsystem,2024-03-27 00:00:00,D,63.527083333,,2024-06-20,24.946875000,46.482084479
CascadillaHall.STM.M22-V/AverageMassFlow,2024-03-27 00:00:00,D,89.257167708,Steam,2024-06-21,23.422916666,45.474987604
CascadillaHall.Elec.PowerScout3/kWsystem,2024-03-28 00:00:00,D,67.654166666,,2024-06-22,20.267708333,46.416341770
CascadillaHall.STM.M22-V/AverageMassFlow,2024-03-28 00:00:00,D,269.706378333,Steam,2024-06-23,20.503125000,44.970327604
CascadillaHall.Elec.PowerScout3/kWsystem,2024-03-29 00:00:00,D,67.893750000,,2024-06-24,23.752083333,46.953020729
CascadillaHall.STM.M22-V/AverageMassFlow,2024-03-29 00:00:00,D,27.480504166,Steam,2024-06-25,21.036458333,48.763348020
CascadillaHall.Elec.PowerScout3/kWsystem,2024-03-30 00:00:00,D,58.366666666,,2024-06-26,21.618750000,46.644262708
CascadillaHall.STM.M22-V/AverageMassFlow,2024-03-30 00:00:00,D,11.039979895,Steam,2024-06-27,22.476595744,48.559483541
CascadillaHall.Elec.PowerScout3/kWsystem,2024-03-31 00:00:00,D,53.826041666,,2024-06-28,21.583333333,50.101474062
CascadillaHall.STM.M22-V/AverageMassFlow,2024-03-31 00:00:00,D,5.194821979,Steam,2024-06-29,20.186458333,49.852259791
CascadillaHall.Elec.PowerScout3/kWsystem,2024-04-01 00:00:00,D,53.934375000,,2024-06-30,19.886458333,48.540864583
CascadillaHall.STM.M22-V/AverageMassFlow,2024-04-01 00:00:00,D,4.938292500,Steam,2024-07-01,21.618750000,49.991729895
CascadillaHall.Elec.PowerScout3/kWsystem,2024-04-02 00:00:00,D,52.387500000,,2024-07-02,21.917708333,49.622663229
CascadillaHall.STM.M22-V/AverageMassFlow,2024-04-02 00:00:00,D,3.853373645,Steam,2024-07-03,22.001041666,48.383157291
CascadillaHall.Elec.PowerScout3/kWsystem,2024-04-03 00:00:00,D,51.596842105,,2024-07-04,20.416666666,47.259330104
CascadillaHall.STM.M22-V/AverageMassFlow,2024-04-03 00:00:00,D,4.893884375,Steam,2024-07-05,21.543750000,46.339544791
CascadillaHall.Elec.PowerScout3/kWsystem,2024-04-04 00:00:00,D,52.082291666,,2024-07-06,21.398958333,45.584960937
CascadillaHall.STM.M22-V/AverageMassFlow,2024-04-04 00:00:00,D,6.403579687,Steam,2024-07-07,20.861458333,46.829060833
CascadillaHall.Elec.PowerScout3/kWsystem,2024-04-05 00:00:00,D,52.024489795,,2024-07-08,22.786458333,46.310919479
CascadillaHall.STM.M22-V/AverageMassFlow,2024-04-05 00:00:00,D,10.761175102,Steam,2024-07-09,22.927083333,46.877684375
CascadillaHall.Elec.PowerScout3/kWsystem,2024-04-06 00:00:00,D,55.000000000,,2024-07-10,22.879166666,45.659758020
CascadillaHall.STM.M22-V/AverageMassFlow,2024-04-06 00:00:00,D,6.719306250,Steam,2024-07-11,23.597916666,24.066351770
CascadillaHall.Elec.PowerScout3/kWsystem,2024-04-07 00:00:00,D,58.195833333,,2024-07-12,24.553125000,0.000000000
CascadillaHall.STM.M22-V/AverageMassFlow,2024-04-07 00:00:00,D,4.347200000,Steam,2024-07-13,22.503125000,0.000000000
CascadillaHall.Elec.PowerScout3/kWsystem,2024-04-08 00:00:00,D,62.258333333,,2024-07-14,21.902083333,1.366015208
CascadillaHall.STM.M22-V/AverageMassFlow,2024-04-08 00:00:00,D,15.778787708,Steam,2024-07-15,23.668750000,0.005079166
CascadillaHall.Elec.PowerScout3/kWsystem,2024-04-09 00:00:00,D,58.945833333,,2024-07-16,23.479166666,0.000000000
CascadillaHall.STM.M22-V/AverageMassFlow,2024-04-09 00:00:00,D,18.155765208,Steam,2024-07-17,23.244791666,0.000000000
CascadillaHall.Elec.PowerScout3/kWsystem,2024-04-10 00:00:00,D,60.969230769,,2024-07-18,22.645833333,0.000000000
CascadillaHall.STM.M22-V/AverageMassFlow,2024-04-10 00:00:00,D,0.462376615,Steam,2024-07-19,23.915625000,0.000000000
CascadillaHall.Elec.PowerScout3/kWsystem,2024-04-11 00:00:00,D,59.534375000,,2024-07-20,21.744791666,0.000000000
CascadillaHall.STM.M22-V/AverageMassFlow,2024-04-11 00:00:00,D,0.894434479,Steam,2024-07-21,22.243750000,0.000000000
CascadillaHall.Elec.PowerScout3/kWsystem,2024-04-12 00:00:00,D,60.898958333,,2024-07-22,23.997916666,0.000000000
CascadillaHall.STM.M22-V/AverageMassFlow,2024-04-12 00:00:00,D,11.871372916,Steam,2024-07-23,23.398958333,0.000000000
CascadillaHall.Elec.PowerScout3/kWsystem,2024-04-13 00:00:00,D,65.528125000,,2024-07-24,23.979166666,0.007521666
CascadillaHall.STM.M22-V/AverageMassFlow,2024-04-13 00:00:00,D,13.430511250,Steam,2024-07-25,24.604166666,0.000000000
CascadillaHall.Elec.PowerScout3/kWsystem,2024-04-14 00:00:00,D,66.225000000,,2024-07-26,24.535416666,0.000000000
CascadillaHall.STM.M22-V/AverageMassFlow,2024-04-14 00:00:00,D,5.466771250,Steam,2024-07-27,23.671875000,0.000000000
CascadillaHall.Elec.PowerScout3/kWsystem,2024-04-15 00:00:00,D,64.270833333,,2024-07-28,22.831250000,0.000000000
CascadillaHall.STM.M22-V/AverageMassFlow,2024-04-15 00:00:00,D,16.398415520,Steam,2024-07-29,25.537500000,0.000000000
CascadillaHall.Elec.PowerScout3/kWsystem,2024-04-16 00:00:00,D,62.626041666,,2024-07-30,23.423958333,2.417885416
CascadillaHall.STM.M22-V/AverageMassFlow,2024-04-16 00:00:00,D,17.111587500,Steam,2024-07-31,23.394791666,34.854010104
CascadillaHall.Elec.PowerScout3/kWsystem,2024-04-17 00:00:00,D,63.676041666,,2024-08-01,23.550000000,37.852786562
CascadillaHall.STM.M22-V/AverageMassFlow,2024-04-17 00:00:00,D,29.453582500,Steam,2024-08-02,30.021875000,45.899616666
CascadillaHall.Elec.PowerScout3/kWsystem,2024-04-18 00:00:00,D,63.327083333,,2024-08-03,26.518750000,47.062326354
CascadillaHall.STM.M22-V/AverageMassFlow,2024-04-18 00:00:00,D,25.804018437,Steam,2024-08-04,25.564583333,43.119803854
CascadillaHall.Elec.PowerScout3/kWsystem,2024-04-19 00:00:00,D,64.821875000,,2024-08-05,28.694791666,47.098677916
CascadillaHall.STM.M22-V/AverageMassFlow,2024-04-19 00:00:00,D,2.403644895,Steam,2024-08-06,27.990625000,45.235624166
CascadillaHall.Elec.PowerScout3/kWsystem,2024-04-20 00:00:00,D,66.612500000,,2024-08-07,29.264893617,40.747006236
CascadillaHall.STM.M22-V/AverageMassFlow,2024-04-20 00:00:00,D,14.895005000,Steam,2024-08-08,40.343157894,41.375670416
CascadillaHall.Elec.PowerScout3/kWsystem,2024-04-21 00:00:00,D,67.466666666,,2024-08-09,37.323958333,41.976528333
CascadillaHall.STM.M22-V/AverageMassFlow,2024-04-21 00:00:00,D,6.955256145,Steam,2024-08-10,30.488541666,41.197291250
CascadillaHall.Elec.PowerScout3/kWsystem,2024-04-22 00:00:00,D,64.355208333,,2024-08-11,38.236842105,40.331531789
CascadillaHall.STM.M22-V/AverageMassFlow,2024-04-22 00:00:00,D,24.157060625,Steam,2024-08-12,38.250000000,47.807439270
CascadillaHall.Elec.PowerScout3/kWsystem,2024-04-23 00:00:00,D,62.991666666,,2024-08-13,38.940625000,54.243682812
CascadillaHall.STM.M22-V/AverageMassFlow,2024-04-23 00:00:00,D,15.372469479,Steam,2024-08-14,40.227083333,52.965516145
CascadillaHall.Elec.PowerScout3/kWsystem,2024-04-24 00:00:00,D,64.923958333,,2024-08-15,34.155208333,48.142170208
CascadillaHall.STM.M22-V/AverageMassFlow,2024-04-24 00:00:00,D,14.430914895,Steam,2024-08-16,31.783333333,46.419023437
CascadillaHall.Elec.PowerScout3/kWsystem,2024-04-25 00:00:00,D,64.881250000,,2024-08-17,38.080208333,41.985813333
CascadillaHall.STM.M22-V/AverageMassFlow,2024-04-25 00:00:00,D,24.676558541,Steam,2024-08-18,38.498958333,43.835340000
CascadillaHall.Elec.PowerScout3/kWsystem,2024-04-26 00:00:00,D,63.187500000,,2024-08-19,42.877083333,45.350399375
CascadillaHall.STM.M22-V/AverageMassFlow,2024-04-26 00:00:00,D,21.994350000,Steam,2024-08-20,43.643750000,48.440003437
CascadillaHall.Elec.PowerScout3/kWsystem,2024-04-27 00:00:00,D,63.914583333,,2024-08-21,45.229166666,51.495504791
CascadillaHall.STM.M22-V/AverageMassFlow,2024-04-27 00:00:00,D,21.459041979,Steam,2024-08-22,46.416666666,53.854640208
CascadillaHall.Elec.PowerScout3/kWsystem,2024-04-28 00:00:00,D,61.862500000,,2024-08-23,51.250000000,66.564409166
CascadillaHall.STM.M22-V/AverageMassFlow,2024-04-28 00:00:00,D,1.747194687,Steam,2024-08-24,56.988541666,75.758954583
CascadillaHall.Elec.PowerScout3/kWsystem,2024-04-29 00:00:00,D,59.544791666,,2024-08-25,63.046875000,85.312374895
CascadillaHall.STM.M22-V/AverageMassFlow,2024-04-29 00:00:00,D,0.350128333,Steam,2024-08-26,62.005208333,86.967746250
CascadillaHall.Elec.PowerScout3/kWsystem,2024-04-30 00:00:00,D,59.715625000,,2024-08-27,65.685416666,88.270920625
CascadillaHall.STM.M22-V/AverageMassFlow,2024-04-30 00:00:00,D,0.581501250,Steam,2024-08-28,68.656250000,88.823589375
CascadillaHall.Elec.PowerScout3/kWsystem,2024-05-01 00:00:00,D,60.035416666,,2024-08-29,67.039583333,85.178659166
CascadillaHall.STM.M22-V/AverageMassFlow,2024-05-01 00:00:00,D,205.377345416,Steam,2024-08-30,67.963541666,91.835409895
CascadillaHall.Elec.PowerScout3/kWsystem,2024-05-02 00:00:00,D,58.459375000,,2024-08-31,67.898958333,86.703475312
CascadillaHall.STM.M22-V/AverageMassFlow,2024-05-02 00:00:00,D,109.092082500,Steam,2024-09-01,68.392708333,93.104362916
CascadillaHall.Elec.PowerScout3/kWsystem,2024-05-03 00:00:00,D,61.546875000,,2024-09-02,66.310416666,84.246601562
CascadillaHall.STM.M22-V/AverageMassFlow,2024-05-03 00:00:00,D,248.038668333,Steam,2024-09-03,63.046875000,220.106260625
CascadillaHall.Elec.PowerScout3/kWsystem,2024-05-04 00:00:00,D,61.182291666,,2024-09-04,64.046875000,187.326467083
CascadillaHall.STM.M22-V/AverageMassFlow,2024-05-04 00:00:00,D,108.584690312,Steam,2024-09-05,62.205208333,124.143091458
CascadillaHall.Elec.PowerScout3/kWsystem,2024-05-05 00:00:00,D,65.570833333,,2024-09-06,62.788541666,94.796618854
CascadillaHall.STM.M22-V/AverageMassFlow,2024-05-05 00:00:00,D,292.688515000,Steam,2024-09-07,64.455208333,96.024901666
CascadillaHall.Elec.PowerScout3/kWsystem,2024-05-06 00:00:00,D,60.740625000,,2024-09-08,64.078125000,206.438134062
CascadillaHall.STM.M22-V/AverageMassFlow,2024-05-06 00:00:00,D,101.958669687,Steam,2024-09-09,62.288541666,164.543106875
CascadillaHall.Elec.PowerScout3/kWsystem,2024-05-07 00:00:00,D,61.412500000,,2024-09-10,61.088541666,94.933378854
CascadillaHall.STM.M22-V/AverageMassFlow,2024-05-07 00:00:00,D,265.193061145,Steam,2024-09-11,62.407291666,206.122833229
CascadillaHall.Elec.PowerScout3/kWsystem,2024-05-08 00:00:00,D,60.673958333,,2024-09-12,67.441666666,95.037494270
CascadillaHall.STM.M22-V/AverageMassFlow,2024-05-08 00:00:00,D,126.858760312,Steam,2024-09-13,74.091666666,95.560320104
CascadillaHall.Elec.PowerScout3/kWsystem,2024-05-09 00:00:00,D,61.911458333,,2024-09-14,75.458333333,96.324738229
CascadillaHall.STM.M22-V/AverageMassFlow,2024-05-09 00:00:00,D,90.339942187,Steam,2024-09-15,78.162500000,95.840342083
CascadillaHall.Elec.PowerScout3/kWsystem,2024-05-10 00:00:00,D,66.295833333,,2024-09-16,77.545833333,90.154026250
CascadillaHall.STM.M22-V/AverageMassFlow,2024-05-10 00:00:00,D,15.062747395,Steam,2024-09-17,76.922916666,95.314785937
CascadillaHall.Elec.PowerScout3/kWsystem,2024-05-11 00:00:00,D,63.642708333,,2024-09-18,73.820833333,90.809244791
CascadillaHall.STM.M22-V/AverageMassFlow,2024-05-11 00:00:00,D,10.346015937,Steam,2024-09-19,75.510416666,93.294390208
CascadillaHall.Elec.PowerScout3/kWsystem,2024-05-12 00:00:00,D,61.797916666,,2024-09-20,74.490625000,98.665820000
CascadillaHall.STM.M22-V/AverageMassFlow,2024-05-12 00:00:00,D,323.868239479,Steam,2024-09-21,78.268750000,96.463230937
CascadillaHall.Elec.PowerScout3/kWsystem,2024-05-13 00:00:00,D,62.525000000,,2024-09-22,76.602083333,91.127522708
CascadillaHall.STM.M22-V/AverageMassFlow,2024-05-13 00:00:00,D,116.957791458,Steam,2024-09-23,74.520833333,88.761052500
CascadillaHall.Elec.PowerScout3/kWsystem,2024-05-14 00:00:00,D,58.896875000,,2024-09-24,73.648958333,89.959417395
CascadillaHall.STM.M22-V/AverageMassFlow,2024-05-14 00:00:00,D,0.515211979,Steam,2024-09-25,71.471875000,99.053218750
CascadillaHall.Elec.PowerScout3/kWsystem,2024-05-15 00:00:00,D,61.960416666,,2024-09-26,69.757291666,94.515936562
CascadillaHall.STM.M22-V/AverageMassFlow,2024-05-15 00:00:00,D,0.340496250,Steam,2024-09-27,72.244791666,97.708352708
CascadillaHall.Elec.PowerScout3/kWsystem,2024-05-16 00:00:00,D,61.921875000,,2024-09-28,69.982291666,104.868409791
CascadillaHall.STM.M22-V/AverageMassFlow,2024-05-16 00:00:00,D,0.520057916,Steam,2024-09-29,70.221875000,93.346661562
CascadillaHall.Elec.PowerScout3/kWsystem,2024-05-17 00:00:00,D,62.052083333,,2024-09-30,72.305208333,99.199275937
CascadillaHall.STM.M22-V/AverageMassFlow,2024-05-17 00:00:00,D,0.200254166,Steam,2024-10-01,71.618750000,95.768965520
CascadillaHall.Elec.PowerScout3/kWsystem,2024-05-18 00:00:00,D,59.075000000,,2024-10-02,70.029166666,101.693973854
CascadillaHall.STM.M22-V/AverageMassFlow,2024-05-18 00:00:00,D,0.208151666,Steam,2024-10-03,73.222916666,223.566915937
CascadillaHall.Elec.PowerScout3/kWsystem,2024-05-19 00:00:00,D,51.368750000,,2024-10-04,72.703125000,210.660159583
CascadillaHall.STM.M22-V/AverageMassFlow,2024-05-19 00:00:00,D,0.000000000,Steam,2024-10-05,75.403125000,171.576006250
CascadillaHall.Elec.PowerScout3/kWsystem,2024-05-20 00:00:00,D,44.032291666,,2024-10-06,76.212500000,250.131700104
CascadillaHall.STM.M22-V/AverageMassFlow,2024-05-20 00:00:00,D,0.000000000,Steam,2024-10-07,70.690625000,101.107547500
CascadillaHall.Elec.PowerScout3/kWsystem,2024-05-21 00:00:00,D,43.189583333,,2024-10-08,72.980208333,270.859216770
CascadillaHall.STM.M22-V/AverageMassFlow,2024-05-21 00:00:00,D,0.027006666,Steam,2024-10-09,69.782291666,307.780289583
CascadillaHall.Elec.PowerScout3/kWsystem,2024-05-22 00:00:00,D,43.839583333,,2024-10-10,73.364583333,400.072660416
CascadillaHall.STM.M22-V/AverageMassFlow,2024-05-22 00:00:00,D,0.000000000,Steam,2024-10-11,72.495833333,409.076425416
CascadillaHall.Elec.PowerScout3/kWsystem,2024-05-23 00:00:00,D,45.156250000,,2024-10-12,57.870833333,86.514202916
CascadillaHall.STM.M22-V/AverageMassFlow,2024-05-23 00:00:00,D,0.000000000,Steam,2024-10-13,56.553125000,475.118355208
CascadillaHall.Elec.PowerScout3/kWsystem,2024-05-24 00:00:00,D,45.829166666,,2024-10-14,59.127083333,487.931158333
CascadillaHall.STM.M22-V/AverageMassFlow,2024-05-24 00:00:00,D,42.659147500,Steam,2024-10-15,62.761458333,618.235225000
CascadillaHall.Elec.PowerScout3/kWsystem,2024-05-25 00:00:00,D,46.054166666,,2024-10-16,61.483333333,532.588417708
CascadillaHall.STM.M22-V/AverageMassFlow,2024-05-25 00:00:00,D,106.095698437,Steam,2024-10-17,59.007291666,463.216995833
CascadillaHall.Elec.PowerScout3/kWsystem,2024-05-26 00:00:00,D,41.504166666,,2024-10-18,58.701041666,399.734338958
CascadillaHall.STM.M22-V/AverageMassFlow,2024-05-26 00:00:00,D,51.735879687,Steam,2024-10-19,59.828125000,381.425655833
CascadillaHall.Elec.PowerScout3/kWsystem,2024-05-27 00:00:00,D,38.205208333,,2024-10-20,59.546875000,345.905343020
CascadillaHall.STM.M22-V/AverageMassFlow,2024-05-27 00:00:00,D,48.359260729,Steam,2024-10-21,62.015625000,264.369986770
CascadillaHall.Elec.PowerScout3/kWsystem,2024-05-28 00:00:00,D,34.184375000,,2024-10-22,74.796875000,188.696778020
CascadillaHall.STM.M22-V/AverageMassFlow,2024-05-28 00:00:00,D,20.045935520,Steam,2024-10-23,71.353125000,117.333093750
CascadillaHall.Elec.PowerScout3/kWsystem,2024-05-29 00:00:00,D,22.160416666,,2024-10-24,77.822916666,360.919278854
CascadillaHall.STM.M22-V/AverageMassFlow,2024-05-29 00:00:00,D,0.064773333,Steam,2024-10-25,74.934375000,530.688377500
CascadillaHall.Elec.PowerScout3/kWsystem,2024-05-30 00:00:00,D,24.082291666,,2024-10-26,76.937500000,405.342478854
CascadillaHall.STM.M22-V/AverageMassFlow,2024-05-30 00:00:00,D,0.000000000,Steam,2024-10-27,80.047916666,564.355501041
CascadillaHall.Elec.PowerScout3/kWsystem,2024-05-31 00:00:00,D,23.487500000,,2024-10-28,77.141666666,508.901425729
CascadillaHall.STM.M22-V/AverageMassFlow,2024-05-31 00:00:00,D,506.947182083,Steam,2024-10-29,75.222916666,443.205436979
CascadillaHall.Elec.PowerScout3/kWsystem,2024-06-01 00:00:00,D,23.834375000,,2024-10-30,72.165625000,164.684223854
CascadillaHall.STM.M22-V/AverageMassFlow,2024-06-01 00:00:00,D,467.100433333,Steam,2024-10-31,73.057291666,165.811427604
CascadillaHall.Elec.PowerScout3/kWsystem,2024-06-02 00:00:00,D,24.587500000,,2024-11-01,74.382291666,152.382209895
CascadillaHall.STM.M22-V/AverageMassFlow,2024-06-02 00:00:00,D,439.458216666,Steam,2024-11-02,78.106250000,526.404683333
CascadillaHall.Elec.PowerScout3/kWsystem,2024-06-03 00:00:00,D,24.051041666,,2024-11-03,81.313541666,702.072091666
CascadillaHall.STM.M22-V/AverageMassFlow,2024-06-03 00:00:00,D,239.951582083,Steam,2024-11-04,76.572916666,437.289769583
CascadillaHall.Elec.PowerScout3/kWsystem,2024-06-04 00:00:00,D,22.494791666,,2024-11-05,69.980208333,117.758656458
CascadillaHall.STM.M22-V/AverageMassFlow,2024-06-04 00:00:00,D,46.846140312,Steam,2024-11-06,69.381250000,115.858858333
CascadillaHall.Elec.PowerScout3/kWsystem,2024-06-05 00:00:00,D,21.965625000,,2024-11-07,75.127083333,259.859662812
CascadillaHall.STM.M22-V/AverageMassFlow,2024-06-05 00:00:00,D,45.717120000,Steam,2024-11-08,75.442708333,456.798142604
CascadillaHall.Elec.PowerScout3/kWsystem,2024-06-06 00:00:00,D,22.345833333,,2024-11-09,77.811458333,590.001364583
CascadillaHall.STM.M22-V/AverageMassFlow,2024-06-06 00:00:00,D,45.240171354,Steam,2024-11-10,77.736458333,585.214869791
CascadillaHall.Elec.PowerScout3/kWsystem,2024-06-07 00:00:00,D,23.886458333,,2024-11-11,75.892708333,360.564379166
CascadillaHall.STM.M22-V/AverageMassFlow,2024-06-07 00:00:00,D,46.804913541,Steam,2024-11-12,77.713541666,582.851327083
CascadillaHall.Elec.PowerScout3/kWsystem,2024-06-08 00:00:00,D,20.411458333,,2024-11-13,76.989583333,736.296508333
CascadillaHall.STM.M22-V/AverageMassFlow,2024-06-08 00:00:00,D,47.807374479,Steam,2024-11-14,78.409375000,679.421123958
CascadillaHall.Elec.PowerScout3/kWsystem,2024-06-09 00:00:00,D,20.735416666,,2024-11-15,78.866666666,587.489367708
CascadillaHall.STM.M22-V/AverageMassFlow,2024-06-09 00:00:00,D,48.832866770,Steam,2024-11-16,76.590625000,524.636761458
CascadillaHall.Elec.PowerScout3/kWsystem,2024-06-10 00:00:00,D,22.632291666,,2024-11-17,81.890625000,616.164020833
CascadillaHall.STM.M22-V/AverageMassFlow,2024-06-10 00:00:00,D,50.514441666,Steam,2024-11-18,77.186458333,452.313720937
CascadillaHall.Elec.PowerScout3/kWsystem,2024-06-11 00:00:00,D,23.685416666,,2024-11-19,79.259375000,576.372573958
CascadillaHall.STM.M22-V/AverageMassFlow,2024-06-11 00:00:00,D,50.460761354,Steam,2024-11-20,77.491666666,393.006419270
CascadillaHall.Elec.PowerScout3/kWsystem,2024-06-12 00:00:00,D,23.262500000,,2024-11-21,80.027083333,568.158542708
CascadillaHall.STM.M22-V/AverageMassFlow,2024-06-12 00:00:00,D,51.042898645,Steam,2024-11-22,76.929787234,678.606419148
CascadillaHall.Elec.PowerScout3/kWsystem,2024-06-13 00:00:00,D,22.478125000,,2024-11-23,72.919791666,625.286350000
CascadillaHall.STM.M22-V/AverageMassFlow,2024-06-13 00:00:00,D,48.973690104,Steam,2024-11-24,73.912500000,558.007883333
CascadillaHall.Elec.PowerScout3/kWsystem,2024-06-14 00:00:00,D,22.269791666,,2024-11-25,74.287500000,576.304953125
CascadillaHall.STM.M22-V/AverageMassFlow,2024-06-14 00:00:00,D,46.806631562,Steam,2024-11-26,72.384375000,483.438751041
CascadillaHall.Elec.PowerScout3/kWsystem,2024-06-15 00:00:00,D,20.107291666,,2024-11-27,68.609375000,546.403925000
CascadillaHall.STM.M22-V/AverageMassFlow,2024-06-15 00:00:00,D,47.953941145,Steam,2024-11-28,63.336458333,586.840616666
CascadillaHall.Elec.PowerScout3/kWsystem,2024-06-16 00:00:00,D,20.207291666,,2024-11-29,63.351041666,623.578685416
CascadillaHall.STM.M22-V/AverageMassFlow,2024-06-16 00:00:00,D,47.946766354,Steam,2024-11-30,63.636458333,770.082119791
CascadillaHall.Elec.PowerScout3/kWsystem,2024-06-17 00:00:00,D,21.677083333,,2024-12-01,69.797916666,870.501146875
CascadillaHall.STM.M22-V/AverageMassFlow,2024-06-17 00:00:00,D,47.822054270,Steam,2024-12-02,75.857291666,844.369113541
CascadillaHall.Elec.PowerScout3/kWsystem,2024-06-18 00:00:00,D,22.488541666,,2024-12-03,77.701041666,794.372177083
CascadillaHall.STM.M22-V/AverageMassFlow,2024-06-18 00:00:00,D,46.901205416,Steam,2024-12-04,77.390625000,884.526619791
CascadillaHall.Elec.PowerScout3/kWsystem,2024-06-19 00:00:00,D,23.436458333,,2024-12-05,74.923958333,782.646980208
CascadillaHall.STM.M22-V/AverageMassFlow,2024-06-19 00:00:00,D,46.211586041,Steam,2024-12-06,77.020833333,923.724077083
CascadillaHall.Elec.PowerScout3/kWsystem,2024-06-20 00:00:00,D,24.946875000,,2024-12-07,76.548958333,868.488275000
CascadillaHall.STM.M22-V/AverageMassFlow,2024-06-20 00:00:00,D,46.482084479,Steam,2024-12-08,77.148936170,665.432482978
CascadillaHall.Elec.PowerScout3/kWsystem,2024-06-21 00:00:00,D,23.422916666,,2024-12-09,76.583333333,620.309036458
CascadillaHall.STM.M22-V/AverageMassFlow,2024-06-21 00:00:00,D,45.474987604,Steam,2024-12-10,79.325000000,515.908446875
CascadillaHall.Elec.PowerScout3/kWsystem,2024-06-22 00:00:00,D,20.267708333,,2024-12-11,77.439583333,510.125511458
CascadillaHall.STM.M22-V/AverageMassFlow,2024-06-22 00:00:00,D,46.416341770,Steam,2024-12-12,75.976041666,799.465372916
CascadillaHall.Elec.PowerScout3/kWsystem,2024-06-23 00:00:00,D,20.503125000,,2024-12-13,76.130208333,1013.326634375
CascadillaHall.STM.M22-V/AverageMassFlow,2024-06-23 00:00:00,D,44.970327604,Steam,2024-12-14,79.442708333,1002.279184375
CascadillaHall.Elec.PowerScout3/kWsystem,2024-06-24 00:00:00,D,23.752083333,,2024-12-15,74.894791666,883.537781250
CascadillaHall.STM.M22-V/AverageMassFlow,2024-06-24 00:00:00,D,46.953020729,Steam,2024-12-16,78.947916666,678.707836458
CascadillaHall.Elec.PowerScout3/kWsystem,2024-06-25 00:00:00,D,21.036458333,,2024-12-17,76.823958333,555.797236458
CascadillaHall.STM.M22-V/AverageMassFlow,2024-06-25 00:00:00,D,48.763348020,Steam,2024-12-18,78.197916666,633.437739583
CascadillaHall.Elec.PowerScout3/kWsystem,2024-06-26 00:00:00,D,21.618750000,,2024-12-19,73.922916666,705.268984375
CascadillaHall.STM.M22-V/AverageMassFlow,2024-06-26 00:00:00,D,46.644262708,Steam,2024-12-20,70.558333333,774.608550000
CascadillaHall.Elec.PowerScout3/kWsystem,2024-06-27 00:00:00,D,22.476595744,,2024-12-21,66.705208333,953.457825000
CascadillaHall.STM.M22-V/AverageMassFlow,2024-06-27 00:00:00,D,48.559483541,Steam,2024-12-22,62.732291666,1023.317986458
CascadillaHall.Elec.PowerScout3/kWsystem,2024-06-28 00:00:00,D,21.583333333,,2024-12-23,57.528125000,1016.462928125
CascadillaHall.STM.M22-V/AverageMassFlow,2024-06-28 00:00:00,D,50.101474062,Steam,2024-12-24,53.664583333,816.320931250
CascadillaHall.Elec.PowerScout3/kWsystem,2024-06-29 00:00:00,D,20.186458333,,2024-12-25,52.703125000,787.638775000
CascadillaHall.STM.M22-V/AverageMassFlow,2024-06-29 00:00:00,D,49.852259791,Steam,2024-12-26,52.635416666,837.055751041
CascadillaHall.Elec.PowerScout3/kWsystem,2024-06-30 00:00:00,D,19.886458333,,2024-12-27,49.013541666,778.697511458
CascadillaHall.STM.M22-V/AverageMassFlow,2024-06-30 00:00:00,D,48.540864583,Steam,2024-12-28,45.829166666,690.681895833
CascadillaHall.Elec.PowerScout3/kWsystem,2024-07-01 00:00:00,D,21.618750000,,2024-12-29,44.518750000,531.495121979
CascadillaHall.STM.M22-V/AverageMassFlow,2024-07-01 00:00:00,D,49.991729895,Steam,2024-12-30,44.513541666,407.976053645
CascadillaHall.Elec.PowerScout3/kWsystem,2024-07-02 00:00:00,D,21.917708333,,2024-12-31,46.755208333,658.279826041
CascadillaHall.STM.M22-V/AverageMassFlow,2024-07-02 00:00:00,D,49.622663229,Steam,2025-01-01,44.612500000,680.200919791
CascadillaHall.Elec.PowerScout3/kWsystem,2024-07-03 00:00:00,D,22.001041666,,,,
CascadillaHall.STM.M22-V/AverageMassFlow,2024-07-03 00:00:00,D,48.383157291,Steam,,,
CascadillaHall.Elec.PowerScout3/kWsystem,2024-07-04 00:00:00,D,20.416666666,,,,
CascadillaHall.STM.M22-V/AverageMassFlow,2024-07-04 00:00:00,D,47.259330104,Steam,,,
CascadillaHall.Elec.PowerScout3/kWsystem,2024-07-05 00:00:00,D,21.543750000,,,,
CascadillaHall.STM.M22-V/AverageMassFlow,2024-07-05 00:00:00,D,46.339544791,Steam,,,
CascadillaHall.Elec.PowerScout3/kWsystem,2024-07-06 00:00:00,D,21.398958333,,,,
CascadillaHall.STM.M22-V/AverageMassFlow,2024-07-06 00:00:00,D,45.584960937,Steam,,,
CascadillaHall.Elec.PowerScout3/kWsystem,2024-07-07 00:00:00,D,20.861458333,,,,
CascadillaHall.STM.M22-V/AverageMassFlow,2024-07-07 00:00:00,D,46.829060833,Steam,,,
CascadillaHall.Elec.PowerScout3/kWsystem,2024-07-08 00:00:00,D,22.786458333,,,,
CascadillaHall.STM.M22-V/AverageMassFlow,2024-07-08 00:00:00,D,46.310919479,Steam,,,
CascadillaHall.Elec.PowerScout3/kWsystem,2024-07-09 00:00:00,D,22.927083333,,,,
CascadillaHall.STM.M22-V/AverageMassFlow,2024-07-09 00:00:00,D,46.877684375,Steam,,,
CascadillaHall.Elec.PowerScout3/kWsystem,2024-07-10 00:00:00,D,22.879166666,,,,
CascadillaHall.STM.M22-V/AverageMassFlow,2024-07-10 00:00:00,D,45.659758020,Steam,,,
CascadillaHall.Elec.PowerScout3/kWsystem,2024-07-11 00:00:00,D,23.597916666,,,,
CascadillaHall.STM.M22-V/AverageMassFlow,2024-07-11 00:00:00,D,24.066351770,Steam,,,
CascadillaHall.Elec.PowerScout3/kWsystem,2024-07-12 00:00:00,D,24.553125000,,,,
CascadillaHall.STM.M22-V/AverageMassFlow,2024-07-12 00:00:00,D,0.000000000,Steam,,,
CascadillaHall.Elec.PowerScout3/kWsystem,2024-07-13 00:00:00,D,22.503125000,,,,
CascadillaHall.STM.M22-V/AverageMassFlow,2024-07-13 00:00:00,D,0.000000000,Steam,,,
CascadillaHall.Elec.PowerScout3/kWsystem,2024-07-14 00:00:00,D,21.902083333,,,,
CascadillaHall.STM.M22-V/AverageMassFlow,2024-07-14 00:00:00,D,1.366015208,Steam,,,
CascadillaHall.Elec.PowerScout3/kWsystem,2024-07-15 00:00:00,D,23.668750000,,,,
CascadillaHall.STM.M22-V/AverageMassFlow,2024-07-15 00:00:00,D,0.005079166,Steam,,,
CascadillaHall.Elec.PowerScout3/kWsystem,2024-07-16 00:00:00,D,23.479166666,,,,
CascadillaHall.STM.M22-V/AverageMassFlow,2024-07-16 00:00:00,D,0.000000000,Steam,,,
CascadillaHall.Elec.PowerScout3/kWsystem,2024-07-17 00:00:00,D,23.244791666,,,,
CascadillaHall.STM.M22-V/AverageMassFlow,2024-07-17 00:00:00,D,0.000000000,Steam,,,
CascadillaHall.Elec.PowerScout3/kWsystem,2024-07-18 00:00:00,D,22.645833333,,,,
CascadillaHall.STM.M22-V/AverageMassFlow,2024-07-18 00:00:00,D,0.000000000,Steam,,,
CascadillaHall.Elec.PowerScout3/kWsystem,2024-07-19 00:00:00,D,23.915625000,,,,
CascadillaHall.STM.M22-V/AverageMassFlow,2024-07-19 00:00:00,D,0.000000000,Steam,,,
CascadillaHall.Elec.PowerScout3/kWsystem,2024-07-20 00:00:00,D,21.744791666,,,,
CascadillaHall.STM.M22-V/AverageMassFlow,2024-07-20 00:00:00,D,0.000000000,Steam,,,
CascadillaHall.Elec.PowerScout3/kWsystem,2024-07-21 00:00:00,D,22.243750000,,,,
CascadillaHall.STM.M22-V/AverageMassFlow,2024-07-21 00:00:00,D,0.000000000,Steam,,,
CascadillaHall.Elec.PowerScout3/kWsystem,2024-07-22 00:00:00,D,23.997916666,,,,
CascadillaHall.STM.M22-V/AverageMassFlow,2024-07-22 00:00:00,D,0.000000000,Steam,,,
CascadillaHall.Elec.PowerScout3/kWsystem,2024-07-23 00:00:00,D,23.398958333,,,,
CascadillaHall.STM.M22-V/AverageMassFlow,2024-07-23 00:00:00,D,0.000000000,Steam,,,
CascadillaHall.Elec.PowerScout3/kWsystem,2024-07-24 00:00:00,D,23.979166666,,,,
CascadillaHall.STM.M22-V/AverageMassFlow,2024-07-24 00:00:00,D,0.007521666,Steam,,,
CascadillaHall.Elec.PowerScout3/kWsystem,2024-07-25 00:00:00,D,24.604166666,,,,
CascadillaHall.STM.M22-V/AverageMassFlow,2024-07-25 00:00:00,D,0.000000000,Steam,,,
CascadillaHall.Elec.PowerScout3/kWsystem,2024-07-26 00:00:00,D,24.535416666,,,,
CascadillaHall.STM.M22-V/AverageMassFlow,2024-07-26 00:00:00,D,0.000000000,Steam,,,
CascadillaHall.Elec.PowerScout3/kWsystem,2024-07-27 00:00:00,D,23.671875000,,,,
CascadillaHall.STM.M22-V/AverageMassFlow,2024-07-27 00:00:00,D,0.000000000,Steam,,,
CascadillaHall.Elec.PowerScout3/kWsystem,2024-07-28 00:00:00,D,22.831250000,,,,
CascadillaHall.STM.M22-V/AverageMassFlow,2024-07-28 00:00:00,D,0.000000000,Steam,,,
CascadillaHall.Elec.PowerScout3/kWsystem,2024-07-29 00:00:00,D,25.537500000,,,,
CascadillaHall.STM.M22-V/AverageMassFlow,2024-07-29 00:00:00,D,0.000000000,Steam,,,
CascadillaHall.Elec.PowerScout3/kWsystem,2024-07-30 00:00:00,D,23.423958333,,,,
CascadillaHall.STM.M22-V/AverageMassFlow,2024-07-30 00:00:00,D,2.417885416,Steam,,,
CascadillaHall.Elec.PowerScout3/kWsystem,2024-07-31 00:00:00,D,23.394791666,,,,
CascadillaHall.STM.M22-V/AverageMassFlow,2024-07-31 00:00:00,D,34.854010104,Steam,,,
CascadillaHall.Elec.PowerScout3/kWsystem,2024-08-01 00:00:00,D,23.550000000,,,,
CascadillaHall.STM.M22-V/AverageMassFlow,2024-08-01 00:00:00,D,37.852786562,Steam,,,
CascadillaHall.Elec.PowerScout3/kWsystem,2024-08-02 00:00:00,D,30.021875000,,,,
CascadillaHall.STM.M22-V/AverageMassFlow,2024-08-02 00:00:00,D,45.899616666,Steam,,,
CascadillaHall.Elec.PowerScout3/kWsystem,2024-08-03 00:00:00,D,26.518750000,,,,
CascadillaHall.STM.M22-V/AverageMassFlow,2024-08-03 00:00:00,D,47.062326354,Steam,,,
CascadillaHall.Elec.PowerScout3/kWsystem,2024-08-04 00:00:00,D,25.564583333,,,,
CascadillaHall.STM.M22-V/AverageMassFlow,2024-08-04 00:00:00,D,43.119803854,Steam,,,
CascadillaHall.Elec.PowerScout3/kWsystem,2024-08-05 00:00:00,D,28.694791666,,,,
CascadillaHall.STM.M22-V/AverageMassFlow,2024-08-05 00:00:00,D,47.098677916,Steam,,,
CascadillaHall.Elec.PowerScout3/kWsystem,2024-08-06 00:00:00,D,27.990625000,,,,
CascadillaHall.STM.M22-V/AverageMassFlow,2024-08-06 00:00:00,D,45.235624166,Steam,,,
CascadillaHall.Elec.PowerScout3/kWsystem,2024-08-07 00:00:00,D,29.264893617,,,,
CascadillaHall.STM.M22-V/AverageMassFlow,2024-08-07 00:00:00,D,40.747006236,Steam,,,
CascadillaHall.Elec.PowerScout3/kWsystem,2024-08-08 00:00:00,D,40.343157894,,,,
CascadillaHall.STM.M22-V/AverageMassFlow,2024-08-08 00:00:00,D,41.375670416,Steam,,,
CascadillaHall.Elec.PowerScout3/kWsystem,2024-08-09 00:00:00,D,37.323958333,,,,
CascadillaHall.STM.M22-V/AverageMassFlow,2024-08-09 00:00:00,D,41.976528333,Steam,,,
CascadillaHall.Elec.PowerScout3/kWsystem,2024-08-10 00:00:00,D,30.488541666,,,,
CascadillaHall.STM.M22-V/AverageMassFlow,2024-08-10 00:00:00,D,41.197291250,Steam,,,
CascadillaHall.Elec.PowerScout3/kWsystem,2024-08-11 00:00:00,D,38.236842105,,,,
CascadillaHall.STM.M22-V/AverageMassFlow,2024-08-11 00:00:00,D,40.331531789,Steam,,,
CascadillaHall.Elec.PowerScout3/kWsystem,2024-08-12 00:00:00,D,38.250000000,,,,
CascadillaHall.STM.M22-V/AverageMassFlow,2024-08-12 00:00:00,D,47.807439270,Steam,,,
CascadillaHall.Elec.PowerScout3/kWsystem,2024-08-13 00:00:00,D,38.940625000,,,,
CascadillaHall.STM.M22-V/AverageMassFlow,2024-08-13 00:00:00,D,54.243682812,Steam,,,
CascadillaHall.Elec.PowerScout3/kWsystem,2024-08-14 00:00:00,D,40.227083333,,,,
CascadillaHall.STM.M22-V/AverageMassFlow,2024-08-14 00:00:00,D,52.965516145,Steam,,,
CascadillaHall.Elec.PowerScout3/kWsystem,2024-08-15 00:00:00,D,34.155208333,,,,
CascadillaHall.STM.M22-V/AverageMassFlow,2024-08-15 00:00:00,D,48.142170208,Steam,,,
CascadillaHall.Elec.PowerScout3/kWsystem,2024-08-16 00:00:00,D,31.783333333,,,,
CascadillaHall.STM.M22-V/AverageMassFlow,2024-08-16 00:00:00,D,46.419023437,Steam,,,
CascadillaHall.Elec.PowerScout3/kWsystem,2024-08-17 00:00:00,D,38.080208333,,,,
CascadillaHall.STM.M22-V/AverageMassFlow,2024-08-17 00:00:00,D,41.985813333,Steam,,,
CascadillaHall.Elec.PowerScout3/kWsystem,2024-08-18 00:00:00,D,38.498958333,,,,
CascadillaHall.STM.M22-V/AverageMassFlow,2024-08-18 00:00:00,D,43.835340000,Steam,,,
CascadillaHall.Elec.PowerScout3/kWsystem,2024-08-19 00:00:00,D,42.877083333,,,,
CascadillaHall.STM.M22-V/AverageMassFlow,2024-08-19 00:00:00,D,45.350399375,Steam,,,
CascadillaHall.Elec.PowerScout3/kWsystem,2024-08-20 00:00:00,D,43.643750000,,,,
CascadillaHall.STM.M22-V/AverageMassFlow,2024-08-20 00:00:00,D,48.440003437,Steam,,,
CascadillaHall.Elec.PowerScout3/kWsystem,2024-08-21 00:00:00,D,45.229166666,,,,
CascadillaHall.STM.M22-V/AverageMassFlow,2024-08-21 00:00:00,D,51.495504791,Steam,,,
CascadillaHall.Elec.PowerScout3/kWsystem,2024-08-22 00:00:00,D,46.416666666,,,,
CascadillaHall.STM.M22-V/AverageMassFlow,2024-08-22 00:00:00,D,53.854640208,Steam,,,
CascadillaHall.Elec.PowerScout3/kWsystem,2024-08-23 00:00:00,D,51.250000000,,,,
CascadillaHall.STM.M22-V/AverageMassFlow,2024-08-23 00:00:00,D,66.564409166,Steam,,,
CascadillaHall.Elec.PowerScout3/kWsystem,2024-08-24 00:00:00,D,56.988541666,,,,
CascadillaHall.STM.M22-V/AverageMassFlow,2024-08-24 00:00:00,D,75.758954583,Steam,,,
CascadillaHall.Elec.PowerScout3/kWsystem,2024-08-25 00:00:00,D,63.046875000,,,,
CascadillaHall.STM.M22-V/AverageMassFlow,2024-08-25 00:00:00,D,85.312374895,Steam,,,
CascadillaHall.Elec.PowerScout3/kWsystem,2024-08-26 00:00:00,D,62.005208333,,,,
CascadillaHall.STM.M22-V/AverageMassFlow,2024-08-26 00:00:00,D,86.967746250,Steam,,,
CascadillaHall.Elec.PowerScout3/kWsystem,2024-08-27 00:00:00,D,65.685416666,,,,
CascadillaHall.STM.M22-V/AverageMassFlow,2024-08-27 00:00:00,D,88.270920625,Steam,,,
CascadillaHall.Elec.PowerScout3/kWsystem,2024-08-28 00:00:00,D,68.656250000,,,,
CascadillaHall.STM.M22-V/AverageMassFlow,2024-08-28 00:00:00,D,88.823589375,Steam,,,
CascadillaHall.Elec.PowerScout3/kWsystem,2024-08-29 00:00:00,D,67.039583333,,,,
CascadillaHall.STM.M22-V/AverageMassFlow,2024-08-29 00:00:00,D,85.178659166,Steam,,,
CascadillaHall.Elec.PowerScout3/kWsystem,2024-08-30 00:00:00,D,67.963541666,,,,
CascadillaHall.STM.M22-V/AverageMassFlow,2024-08-30 00:00:00,D,91.835409895,Steam,,,
CascadillaHall.Elec.PowerScout3/kWsystem,2024-08-31 00:00:00,D,67.898958333,,,,
CascadillaHall.STM.M22-V/AverageMassFlow,2024-08-31 00:00:00,D,86.703475312,Steam,,,
CascadillaHall.Elec.PowerScout3/kWsystem,2024-09-01 00:00:00,D,68.392708333,,,,
CascadillaHall.STM.M22-V/AverageMassFlow,2024-09-01 00:00:00,D,93.104362916,Steam,,,
CascadillaHall.Elec.PowerScout3/kWsystem,2024-09-02 00:00:00,D,66.310416666,,,,
CascadillaHall.STM.M22-V/AverageMassFlow,2024-09-02 00:00:00,D,84.246601562,Steam,,,
CascadillaHall.Elec.PowerScout3/kWsystem,2024-09-03 00:00:00,D,63.046875000,,,,
CascadillaHall.STM.M22-V/AverageMassFlow,2024-09-03 00:00:00,D,220.106260625,Steam,,,
CascadillaHall.Elec.PowerScout3/kWsystem,2024-09-04 00:00:00,D,64.046875000,,,,
CascadillaHall.STM.M22-V/AverageMassFlow,2024-09-04 00:00:00,D,187.326467083,Steam,,,
CascadillaHall.Elec.PowerScout3/kWsystem,2024-09-05 00:00:00,D,62.205208333,,,,
CascadillaHall.STM.M22-V/AverageMassFlow,2024-09-05 00:00:00,D,124.143091458,Steam,,,
CascadillaHall.Elec.PowerScout3/kWsystem,2024-09-06 00:00:00,D,62.788541666,,,,
CascadillaHall.STM.M22-V/AverageMassFlow,2024-09-06 00:00:00,D,94.796618854,Steam,,,
CascadillaHall.Elec.PowerScout3/kWsystem,2024-09-07 00:00:00,D,64.455208333,,,,
CascadillaHall.STM.M22-V/AverageMassFlow,2024-09-07 00:00:00,D,96.024901666,Steam,,,
CascadillaHall.Elec.PowerScout3/kWsystem,2024-09-08 00:00:00,D,64.078125000,,,,
CascadillaHall.STM.M22-V/AverageMassFlow,2024-09-08 00:00:00,D,206.438134062,Steam,,,
CascadillaHall.Elec.PowerScout3/kWsystem,2024-09-09 00:00:00,D,62.288541666,,,,
CascadillaHall.STM.M22-V/AverageMassFlow,2024-09-09 00:00:00,D,164.543106875,Steam,,,
CascadillaHall.Elec.PowerScout3/kWsystem,2024-09-10 00:00:00,D,61.088541666,,,,
CascadillaHall.STM.M22-V/AverageMassFlow,2024-09-10 00:00:00,D,94.933378854,Steam,,,
CascadillaHall.Elec.PowerScout3/kWsystem,2024-09-11 00:00:00,D,62.407291666,,,,
CascadillaHall.STM.M22-V/AverageMassFlow,2024-09-11 00:00:00,D,206.122833229,Steam,,,
CascadillaHall.Elec.PowerScout3/kWsystem,2024-09-12 00:00:00,D,67.441666666,,,,
CascadillaHall.STM.M22-V/AverageMassFlow,2024-09-12 00:00:00,D,95.037494270,Steam,,,
CascadillaHall.Elec.PowerScout3/kWsystem,2024-09-13 00:00:00,D,74.091666666,,,,
CascadillaHall.STM.M22-V/AverageMassFlow,2024-09-13 00:00:00,D,95.560320104,Steam,,,
CascadillaHall.Elec.PowerScout3/kWsystem,2024-09-14 00:00:00,D,75.458333333,,,,
CascadillaHall.STM.M22-V/AverageMassFlow,2024-09-14 00:00:00,D,96.324738229,Steam,,,
CascadillaHall.Elec.PowerScout3/kWsystem,2024-09-15 00:00:00,D,78.162500000,,,,
CascadillaHall.STM.M22-V/AverageMassFlow,2024-09-15 00:00:00,D,95.840342083,Steam,,,
CascadillaHall.Elec.PowerScout3/kWsystem,2024-09-16 00:00:00,D,77.545833333,,,,
CascadillaHall.STM.M22-V/AverageMassFlow,2024-09-16 00:00:00,D,90.154026250,Steam,,,
CascadillaHall.Elec.PowerScout3/kWsystem,2024-09-17 00:00:00,D,76.922916666,,,,
CascadillaHall.STM.M22-V/AverageMassFlow,2024-09-17 00:00:00,D,95.314785937,Steam,,,
CascadillaHall.Elec.PowerScout3/kWsystem,2024-09-18 00:00:00,D,73.820833333,,,,
CascadillaHall.STM.M22-V/AverageMassFlow,2024-09-18 00:00:00,D,90.809244791,Steam,,,
CascadillaHall.Elec.PowerScout3/kWsystem,2024-09-19 00:00:00,D,75.510416666,,,,
CascadillaHall.STM.M22-V/AverageMassFlow,2024-09-19 00:00:00,D,93.294390208,Steam,,,
CascadillaHall.Elec.PowerScout3/kWsystem,2024-09-20 00:00:00,D,74.490625000,,,,
CascadillaHall.STM.M22-V/AverageMassFlow,2024-09-20 00:00:00,D,98.665820000,Steam,,,
CascadillaHall.Elec.PowerScout3/kWsystem,2024-09-21 00:00:00,D,78.268750000,,,,
CascadillaHall.STM.M22-V/AverageMassFlow,2024-09-21 00:00:00,D,96.463230937,Steam,,,
CascadillaHall.Elec.PowerScout3/kWsystem,2024-09-22 00:00:00,D,76.602083333,,,,
CascadillaHall.STM.M22-V/AverageMassFlow,2024-09-22 00:00:00,D,91.127522708,Steam,,,
CascadillaHall.Elec.PowerScout3/kWsystem,2024-09-23 00:00:00,D,74.520833333,,,,
CascadillaHall.STM.M22-V/AverageMassFlow,2024-09-23 00:00:00,D,88.761052500,Steam,,,
CascadillaHall.Elec.PowerScout3/kWsystem,2024-09-24 00:00:00,D,73.648958333,,,,
CascadillaHall.STM.M22-V/AverageMassFlow,2024-09-24 00:00:00,D,89.959417395,Steam,,,
CascadillaHall.Elec.PowerScout3/kWsystem,2024-09-25 00:00:00,D,71.471875000,,,,
CascadillaHall.STM.M22-V/AverageMassFlow,2024-09-25 00:00:00,D,99.053218750,Steam,,,
CascadillaHall.Elec.PowerScout3/kWsystem,2024-09-26 00:00:00,D,69.757291666,,,,
CascadillaHall.STM.M22-V/AverageMassFlow,2024-09-26 00:00:00,D,94.515936562,Steam,,,
CascadillaHall.Elec.PowerScout3/kWsystem,2024-09-27 00:00:00,D,72.244791666,,,,
CascadillaHall.STM.M22-V/AverageMassFlow,2024-09-27 00:00:00,D,97.708352708,Steam,,,
CascadillaHall.Elec.PowerScout3/kWsystem,2024-09-28 00:00:00,D,69.982291666,,,,
CascadillaHall.STM.M22-V/AverageMassFlow,2024-09-28 00:00:00,D,104.868409791,Steam,,,
CascadillaHall.Elec.PowerScout3/kWsystem,2024-09-29 00:00:00,D,70.221875000,,,,
CascadillaHall.STM.M22-V/AverageMassFlow,2024-09-29 00:00:00,D,93.346661562,Steam,,,
CascadillaHall.Elec.PowerScout3/kWsystem,2024-09-30 00:00:00,D,72.305208333,,,,
CascadillaHall.STM.M22-V/AverageMassFlow,2024-09-30 00:00:00,D,99.199275937,Steam,,,
CascadillaHall.Elec.PowerScout3/kWsystem,2024-10-01 00:00:00,D,71.618750000,,,,
CascadillaHall.STM.M22-V/AverageMassFlow,2024-10-01 00:00:00,D,95.768965520,Steam,,,
CascadillaHall.Elec.PowerScout3/kWsystem,2024-10-02 00:00:00,D,70.029166666,,,,
CascadillaHall.STM.M22-V/AverageMassFlow,2024-10-02 00:00:00,D,101.693973854,Steam,,,
CascadillaHall.Elec.PowerScout3/kWsystem,2024-10-03 00:00:00,D,73.222916666,,,,
CascadillaHall.STM.M22-V/AverageMassFlow,2024-10-03 00:00:00,D,223.566915937,Steam,,,
CascadillaHall.Elec.PowerScout3/kWsystem,2024-10-04 00:00:00,D,72.703125000,,,,
CascadillaHall.STM.M22-V/AverageMassFlow,2024-10-04 00:00:00,D,210.660159583,Steam,,,
CascadillaHall.Elec.PowerScout3/kWsystem,2024-10-05 00:00:00,D,75.403125000,,,,
CascadillaHall.STM.M22-V/AverageMassFlow,2024-10-05 00:00:00,D,171.576006250,Steam,,,
CascadillaHall.Elec.PowerScout3/kWsystem,2024-10-06 00:00:00,D,76.212500000,,,,
CascadillaHall.STM.M22-V/AverageMassFlow,2024-10-06 00:00:00,D,250.131700104,Steam,,,
CascadillaHall.Elec.PowerScout3/kWsystem,2024-10-07 00:00:00,D,70.690625000,,,,
CascadillaHall.STM.M22-V/AverageMassFlow,2024-10-07 00:00:00,D,101.107547500,Steam,,,
CascadillaHall.Elec.PowerScout3/kWsystem,2024-10-08 00:00:00,D,72.980208333,,,,
CascadillaHall.STM.M22-V/AverageMassFlow,2024-10-08 00:00:00,D,270.859216770,Steam,,,
CascadillaHall.Elec.PowerScout3/kWsystem,2024-10-09 00:00:00,D,69.782291666,,,,
CascadillaHall.STM.M22-V/AverageMassFlow,2024-10-09 00:00:00,D,307.780289583,Steam,,,
CascadillaHall.Elec.PowerScout3/kWsystem,2024-10-10 00:00:00,D,73.364583333,,,,
CascadillaHall.STM.M22-V/AverageMassFlow,2024-10-10 00:00:00,D,400.072660416,Steam,,,
CascadillaHall.Elec.PowerScout3/kWsystem,2024-10-11 00:00:00,D,72.495833333,,,,
CascadillaHall.STM.M22-V/AverageMassFlow,2024-10-11 00:00:00,D,409.076425416,Steam,,,
CascadillaHall.Elec.PowerScout3/kWsystem,2024-10-12 00:00:00,D,57.870833333,,,,
CascadillaHall.STM.M22-V/AverageMassFlow,2024-10-12 00:00:00,D,86.514202916,Steam,,,
CascadillaHall.Elec.PowerScout3/kWsystem,2024-10-13 00:00:00,D,56.553125000,,,,
CascadillaHall.STM.M22-V/AverageMassFlow,2024-10-13 00:00:00,D,475.118355208,Steam,,,
CascadillaHall.Elec.PowerScout3/kWsystem,2024-10-14 00:00:00,D,59.127083333,,,,
CascadillaHall.STM.M22-V/AverageMassFlow,2024-10-14 00:00:00,D,487.931158333,Steam,,,
CascadillaHall.Elec.PowerScout3/kWsystem,2024-10-15 00:00:00,D,62.761458333,,,,
CascadillaHall.STM.M22-V/AverageMassFlow,2024-10-15 00:00:00,D,618.235225000,Steam,,,
CascadillaHall.Elec.PowerScout3/kWsystem,2024-10-16 00:00:00,D,61.483333333,,,,
CascadillaHall.STM.M22-V/AverageMassFlow,2024-10-16 00:00:00,D,532.588417708,Steam,,,
CascadillaHall.Elec.PowerScout3/kWsystem,2024-10-17 00:00:00,D,59.007291666,,,,
CascadillaHall.STM.M22-V/AverageMassFlow,2024-10-17 00:00:00,D,463.216995833,Steam,,,
CascadillaHall.Elec.PowerScout3/kWsystem,2024-10-18 00:00:00,D,58.701041666,,,,
CascadillaHall.STM.M22-V/AverageMassFlow,2024-10-18 00:00:00,D,399.734338958,Steam,,,
CascadillaHall.Elec.PowerScout3/kWsystem,2024-10-19 00:00:00,D,59.828125000,,,,
CascadillaHall.STM.M22-V/AverageMassFlow,2024-10-19 00:00:00,D,381.425655833,Steam,,,
CascadillaHall.Elec.PowerScout3/kWsystem,2024-10-20 00:00:00,D,59.546875000,,,,
CascadillaHall.STM.M22-V/AverageMassFlow,2024-10-20 00:00:00,D,345.905343020,Steam,,,
CascadillaHall.Elec.PowerScout3/kWsystem,2024-10-21 00:00:00,D,62.015625000,,,,
CascadillaHall.STM.M22-V/AverageMassFlow,2024-10-21 00:00:00,D,264.369986770,Steam,,,
CascadillaHall.Elec.PowerScout3/kWsystem,2024-10-22 00:00:00,D,74.796875000,,,,
CascadillaHall.STM.M22-V/AverageMassFlow,2024-10-22 00:00:00,D,188.696778020,Steam,,,
CascadillaHall.Elec.PowerScout3/kWsystem,2024-10-23 00:00:00,D,71.353125000,,,,
CascadillaHall.STM.M22-V/AverageMassFlow,2024-10-23 00:00:00,D,117.333093750,Steam,,,
CascadillaHall.Elec.PowerScout3/kWsystem,2024-10-24 00:00:00,D,77.822916666,,,,
CascadillaHall.STM.M22-V/AverageMassFlow,2024-10-24 00:00:00,D,360.919278854,Steam,,,
CascadillaHall.Elec.PowerScout3/kWsystem,2024-10-25 00:00:00,D,74.934375000,,,,
CascadillaHall.STM.M22-V/AverageMassFlow,2024-10-25 00:00:00,D,530.688377500,Steam,,,
CascadillaHall.Elec.PowerScout3/kWsystem,2024-10-26 00:00:00,D,76.937500000,,,,
CascadillaHall.STM.M22-V/AverageMassFlow,2024-10-26 00:00:00,D,405.342478854,Steam,,,
CascadillaHall.Elec.PowerScout3/kWsystem,2024-10-27 00:00:00,D,80.047916666,,,,
CascadillaHall.STM.M22-V/AverageMassFlow,2024-10-27 00:00:00,D,564.355501041,Steam,,,
CascadillaHall.Elec.PowerScout3/kWsystem,2024-10-28 00:00:00,D,77.141666666,,,,
CascadillaHall.STM.M22-V/AverageMassFlow,2024-10-28 00:00:00,D,508.901425729,Steam,,,
CascadillaHall.Elec.PowerScout3/kWsystem,2024-10-29 00:00:00,D,75.222916666,,,,
CascadillaHall.STM.M22-V/AverageMassFlow,2024-10-29 00:00:00,D,443.205436979,Steam,,,
CascadillaHall.Elec.PowerScout3/kWsystem,2024-10-30 00:00:00,D,72.165625000,,,,
CascadillaHall.STM.M22-V/AverageMassFlow,2024-10-30 00:00:00,D,164.684223854,Steam,,,
CascadillaHall.Elec.PowerScout3/kWsystem,2024-10-31 00:00:00,D,73.057291666,,,,
CascadillaHall.STM.M22-V/AverageMassFlow,2024-10-31 00:00:00,D,165.811427604,Steam,,,
CascadillaHall.Elec.PowerScout3/kWsystem,2024-11-01 00:00:00,D,74.382291666,,,,
CascadillaHall.STM.M22-V/AverageMassFlow,2024-11-01 00:00:00,D,152.382209895,Steam,,,
CascadillaHall.Elec.PowerScout3/kWsystem,2024-11-02 00:00:00,D,78.106250000,,,,
CascadillaHall.STM.M22-V/AverageMassFlow,2024-11-02 00:00:00,D,526.404683333,Steam,,,
CascadillaHall.Elec.PowerScout3/kWsystem,2024-11-03 00:00:00,D,81.313541666,,,,
CascadillaHall.STM.M22-V/AverageMassFlow,2024-11-03 00:00:00,D,702.072091666,Steam,,,
CascadillaHall.Elec.PowerScout3/kWsystem,2024-11-04 00:00:00,D,76.572916666,,,,
CascadillaHall.STM.M22-V/AverageMassFlow,2024-11-04 00:00:00,D,437.289769583,Steam,,,
CascadillaHall.Elec.PowerScout3/kWsystem,2024-11-05 00:00:00,D,69.980208333,,,,
CascadillaHall.STM.M22-V/AverageMassFlow,2024-11-05 00:00:00,D,117.758656458,Steam,,,
CascadillaHall.Elec.PowerScout3/kWsystem,2024-11-06 00:00:00,D,69.381250000,,,,
CascadillaHall.STM.M22-V/AverageMassFlow,2024-11-06 00:00:00,D,115.858858333,Steam,,,
CascadillaHall.Elec.PowerScout3/kWsystem,2024-11-07 00:00:00,D,75.127083333,,,,
CascadillaHall.STM.M22-V/AverageMassFlow,2024-11-07 00:00:00,D,259.859662812,Steam,,,
CascadillaHall.Elec.PowerScout3/kWsystem,2024-11-08 00:00:00,D,75.442708333,,,,
CascadillaHall.STM.M22-V/AverageMassFlow,2024-11-08 00:00:00,D,456.798142604,Steam,,,
CascadillaHall.Elec.PowerScout3/kWsystem,2024-11-09 00:00:00,D,77.811458333,,,,
CascadillaHall.STM.M22-V/AverageMassFlow,2024-11-09 00:00:00,D,590.001364583,Steam,,,
CascadillaHall.Elec.PowerScout3/kWsystem,2024-11-10 00:00:00,D,77.736458333,,,,
CascadillaHall.STM.M22-V/AverageMassFlow,2024-11-10 00:00:00,D,585.214869791,Steam,,,
CascadillaHall.Elec.PowerScout3/kWsystem,2024-11-11 00:00:00,D,75.892708333,,,,
CascadillaHall.STM.M22-V/AverageMassFlow,2024-11-11 00:00:00,D,360.564379166,Steam,,,
CascadillaHall.Elec.PowerScout3/kWsystem,2024-11-12 00:00:00,D,77.713541666,,,,
CascadillaHall.STM.M22-V/AverageMassFlow,2024-11-12 00:00:00,D,582.851327083,Steam,,,
CascadillaHall.Elec.PowerScout3/kWsystem,2024-11-13 00:00:00,D,76.989583333,,,,
CascadillaHall.STM.M22-V/AverageMassFlow,2024-11-13 00:00:00,D,736.296508333,Steam,,,
CascadillaHall.Elec.PowerScout3/kWsystem,2024-11-14 00:00:00,D,78.409375000,,,,
CascadillaHall.STM.M22-V/AverageMassFlow,2024-11-14 00:00:00,D,679.421123958,Steam,,,
CascadillaHall.Elec.PowerScout3/kWsystem,2024-11-15 00:00:00,D,78.866666666,,,,
CascadillaHall.STM.M22-V/AverageMassFlow,2024-11-15 00:00:00,D,587.489367708,Steam,,,
CascadillaHall.Elec.PowerScout3/kWsystem,2024-11-16 00:00:00,D,76.590625000,,,,
CascadillaHall.STM.M22-V/AverageMassFlow,2024-11-16 00:00:00,D,524.636761458,Steam,,,
CascadillaHall.Elec.PowerScout3/kWsystem,2024-11-17 00:00:00,D,81.890625000,,,,
CascadillaHall.STM.M22-V/AverageMassFlow,2024-11-17 00:00:00,D,616.164020833,Steam,,,
CascadillaHall.Elec.PowerScout3/kWsystem,2024-11-18 00:00:00,D,77.186458333,,,,
CascadillaHall.STM.M22-V/AverageMassFlow,2024-11-18 00:00:00,D,452.313720937,Steam,,,
CascadillaHall.Elec.PowerScout3/kWsystem,2024-11-19 00:00:00,D,79.259375000,,,,
CascadillaHall.STM.M22-V/AverageMassFlow,2024-11-19 00:00:00,D,576.372573958,Steam,,,
CascadillaHall.Elec.PowerScout3/kWsystem,2024-11-20 00:00:00,D,77.491666666,,,,
CascadillaHall.STM.M22-V/AverageMassFlow,2024-11-20 00:00:00,D,393.006419270,Steam,,,
CascadillaHall.Elec.PowerScout3/kWsystem,2024-11-21 00:00:00,D,80.027083333,,,,
CascadillaHall.STM.M22-V/AverageMassFlow,2024-11-21 00:00:00,D,568.158542708,Steam,,,
CascadillaHall.Elec.PowerScout3/kWsystem,2024-11-22 00:00:00,D,76.929787234,,,,
CascadillaHall.STM.M22-V/AverageMassFlow,2024-11-22 00:00:00,D,678.606419148,Steam,,,
CascadillaHall.Elec.PowerScout3/kWsystem,2024-11-23 00:00:00,D,72.919791666,,,,
CascadillaHall.STM.M22-V/AverageMassFlow,2024-11-23 00:00:00,D,625.286350000,Steam,,,
CascadillaHall.Elec.PowerScout3/kWsystem,2024-11-24 00:00:00,D,73.912500000,,,,
CascadillaHall.STM.M22-V/AverageMassFlow,2024-11-24 00:00:00,D,558.007883333,Steam,,,
CascadillaHall.Elec.PowerScout3/kWsystem,2024-11-25 00:00:00,D,74.287500000,,,,
CascadillaHall.STM.M22-V/AverageMassFlow,2024-11-25 00:00:00,D,576.304953125,Steam,,,
CascadillaHall.Elec.PowerScout3/kWsystem,2024-11-26 00:00:00,D,72.384375000,,,,
CascadillaHall.STM.M22-V/AverageMassFlow,2024-11-26 00:00:00,D,483.438751041,Steam,,,
CascadillaHall.Elec.PowerScout3/kWsystem,2024-11-27 00:00:00,D,68.609375000,,,,
CascadillaHall.STM.M22-V/AverageMassFlow,2024-11-27 00:00:00,D,546.403925000,Steam,,,
CascadillaHall.Elec.PowerScout3/kWsystem,2024-11-28 00:00:00,D,63.336458333,,,,
CascadillaHall.STM.M22-V/AverageMassFlow,2024-11-28 00:00:00,D,586.840616666,Steam,,,
CascadillaHall.Elec.PowerScout3/kWsystem,2024-11-29 00:00:00,D,63.351041666,,,,
CascadillaHall.STM.M22-V/AverageMassFlow,2024-11-29 00:00:00,D,623.578685416,Steam,,,
CascadillaHall.Elec.PowerScout3/kWsystem,2024-11-30 00:00:00,D,63.636458333,,,,
CascadillaHall.STM.M22-V/AverageMassFlow,2024-11-30 00:00:00,D,770.082119791,Steam,,,
CascadillaHall.Elec.PowerScout3/kWsystem,2024-12-01 00:00:00,D,69.797916666,,,,
CascadillaHall.STM.M22-V/AverageMassFlow,2024-12-01 00:00:00,D,870.501146875,Steam,,,
CascadillaHall.Elec.PowerScout3/kWsystem,2024-12-02 00:00:00,D,75.857291666,,,,
CascadillaHall.STM.M22-V/AverageMassFlow,2024-12-02 00:00:00,D,844.369113541,Steam,,,
CascadillaHall.Elec.PowerScout3/kWsystem,2024-12-03 00:00:00,D,77.701041666,,,,
CascadillaHall.STM.M22-V/AverageMassFlow,2024-12-03 00:00:00,D,794.372177083,Steam,,,
CascadillaHall.Elec.PowerScout3/kWsystem,2024-12-04 00:00:00,D,77.390625000,,,,
CascadillaHall.STM.M22-V/AverageMassFlow,2024-12-04 00:00:00,D,884.526619791,Steam,,,
CascadillaHall.Elec.PowerScout3/kWsystem,2024-12-05 00:00:00,D,74.923958333,,,,
CascadillaHall.STM.M22-V/AverageMassFlow,2024-12-05 00:00:00,D,782.646980208,Steam,,,
CascadillaHall.Elec.PowerScout3/kWsystem,2024-12-06 00:00:00,D,77.020833333,,,,
CascadillaHall.STM.M22-V/AverageMassFlow,2024-12-06 00:00:00,D,923.724077083,Steam,,,
CascadillaHall.Elec.PowerScout3/kWsystem,2024-12-07 00:00:00,D,76.548958333,,,,
CascadillaHall.STM.M22-V/AverageMassFlow,2024-12-07 00:00:00,D,868.488275000,Steam,,,
CascadillaHall.Elec.PowerScout3/kWsystem,2024-12-08 00:00:00,D,77.148936170,,,,
CascadillaHall.STM.M22-V/AverageMassFlow,2024-12-08 00:00:00,D,665.432482978,Steam,,,
CascadillaHall.Elec.PowerScout3/kWsystem,2024-12-09 00:00:00,D,76.583333333,,,,
CascadillaHall.STM.M22-V/AverageMassFlow,2024-12-09 00:00:00,D,620.309036458,Steam,,,
CascadillaHall.Elec.PowerScout3/kWsystem,2024-12-10 00:00:00,D,79.325000000,,,,
CascadillaHall.STM.M22-V/AverageMassFlow,2024-12-10 00:00:00,D,515.908446875,Steam,,,
CascadillaHall.Elec.PowerScout3/kWsystem,2024-12-11 00:00:00,D,77.439583333,,,,
CascadillaHall.STM.M22-V/AverageMassFlow,2024-12-11 00:00:00,D,510.125511458,Steam,,,
CascadillaHall.Elec.PowerScout3/kWsystem,2024-12-12 00:00:00,D,75.976041666,,,,
CascadillaHall.STM.M22-V/AverageMassFlow,2024-12-12 00:00:00,D,799.465372916,Steam,,,
CascadillaHall.Elec.PowerScout3/kWsystem,2024-12-13 00:00:00,D,76.130208333,,,,
CascadillaHall.STM.M22-V/AverageMassFlow,2024-12-13 00:00:00,D,1013.326634375,Steam,,,
CascadillaHall.Elec.PowerScout3/kWsystem,2024-12-14 00:00:00,D,79.442708333,,,,
CascadillaHall.STM.M22-V/AverageMassFlow,2024-12-14 00:00:00,D,1002.279184375,Steam,,,
CascadillaHall.Elec.PowerScout3/kWsystem,2024-12-15 00:00:00,D,74.894791666,,,,
CascadillaHall.STM.M22-V/AverageMassFlow,2024-12-15 00:00:00,D,883.537781250,Steam,,,
CascadillaHall.Elec.PowerScout3/kWsystem,2024-12-16 00:00:00,D,78.947916666,,,,
CascadillaHall.STM.M22-V/AverageMassFlow,2024-12-16 00:00:00,D,678.707836458,Steam,,,
CascadillaHall.Elec.PowerScout3/kWsystem,2024-12-17 00:00:00,D,76.823958333,,,,
CascadillaHall.STM.M22-V/AverageMassFlow,2024-12-17 00:00:00,D,555.797236458,Steam,,,
CascadillaHall.Elec.PowerScout3/kWsystem,2024-12-18 00:00:00,D,78.197916666,,,,
CascadillaHall.STM.M22-V/AverageMassFlow,2024-12-18 00:00:00,D,633.437739583,Steam,,,
CascadillaHall.Elec.PowerScout3/kWsystem,2024-12-19 00:00:00,D,73.922916666,,,,
CascadillaHall.STM.M22-V/AverageMassFlow,2024-12-19 00:00:00,D,705.268984375,Steam,,,
CascadillaHall.Elec.PowerScout3/kWsystem,2024-12-20 00:00:00,D,70.558333333,,,,
CascadillaHall.STM.M22-V/AverageMassFlow,2024-12-20 00:00:00,D,774.608550000,Steam,,,
CascadillaHall.Elec.PowerScout3/kWsystem,2024-12-21 00:00:00,D,66.705208333,,,,
CascadillaHall.STM.M22-V/AverageMassFlow,2024-12-21 00:00:00,D,953.457825000,Steam,,,
CascadillaHall.Elec.PowerScout3/kWsystem,2024-12-22 00:00:00,D,62.732291666,,,,
CascadillaHall.STM.M22-V/AverageMassFlow,2024-12-22 00:00:00,D,1023.317986458,Steam,,,
CascadillaHall.Elec.PowerScout3/kWsystem,2024-12-23 00:00:00,D,57.528125000,,,,
CascadillaHall.STM.M22-V/AverageMassFlow,2024-12-23 00:00:00,D,1016.462928125,Steam,,,
CascadillaHall.Elec.PowerScout3/kWsystem,2024-12-24 00:00:00,D,53.664583333,,,,
CascadillaHall.STM.M22-V/AverageMassFlow,2024-12-24 00:00:00,D,816.320931250,Steam,,,
CascadillaHall.Elec.PowerScout3/kWsystem,2024-12-25 00:00:00,D,52.703125000,,,,
CascadillaHall.STM.M22-V/AverageMassFlow,2024-12-25 00:00:00,D,787.638775000,Steam,,,
CascadillaHall.Elec.PowerScout3/kWsystem,2024-12-26 00:00:00,D,52.635416666,,,,
CascadillaHall.STM.M22-V/AverageMassFlow,2024-12-26 00:00:00,D,837.055751041,Steam,,,
CascadillaHall.Elec.PowerScout3/kWsystem,2024-12-27 00:00:00,D,49.013541666,,,,
CascadillaHall.STM.M22-V/AverageMassFlow,2024-12-27 00:00:00,D,778.697511458,Steam,,,
CascadillaHall.Elec.PowerScout3/kWsystem,2024-12-28 00:00:00,D,45.829166666,,,,
CascadillaHall.STM.M22-V/AverageMassFlow,2024-12-28 00:00:00,D,690.681895833,Steam,,,
CascadillaHall.Elec.PowerScout3/kWsystem,2024-12-29 00:00:00,D,44.518750000,,,,
CascadillaHall.STM.M22-V/AverageMassFlow,2024-12-29 00:00:00,D,531.495121979,Steam,,,
CascadillaHall.Elec.PowerScout3/kWsystem,2024-12-30 00:00:00,D,44.513541666,,,,
CascadillaHall.STM.M22-V/AverageMassFlow,2024-12-30 00:00:00,D,407.976053645,Steam,,,
CascadillaHall.Elec.PowerScout3/kWsystem,2024-12-31 00:00:00,D,46.755208333,,,,
CascadillaHall.STM.M22-V/AverageMassFlow,2024-12-31 00:00:00,D,658.279826041,Steam,,,
CascadillaHall.Elec.PowerScout3/kWsystem,2025-01-01 00:00:00,D,44.612500000,,,,
CascadillaHall.STM.M22-V/AverageMassFlow,2025-01-01 00:00:00,D,680.200919791,Steam,,,