name,slottime_GMT,slottype,slotavg,pointTitle,Date,Chilled Water (tons),Steam (lbs/hr),Electric (kW),
PhysicalSciences.CW.FP/TONS,2024-01-02 00:00:00,D,64.709616666,Chilled Water,2024-01-02,64.709616666,2079.728062500,548.8104167,<- from clark hall data
PhysicalSciences.STM.M22-V/AverageMassFlow,2024-01-02 00:00:00,D,2079.728062500,Steam,2024-01-03,66.232990000,1909.234020833,563.1614583,
PhysicalSciences.CW.FP/TONS,2024-01-03 00:00:00,D,66.232990000,Chilled Water,2024-01-04,69.240537500,2041.344375000,572.4729167,
PhysicalSciences.STM.M22-V/AverageMassFlow,2024-01-03 00:00:00,D,1909.234020833,Steam,2024-01-05,68.849388541,2451.040375000,565.1958333,
PhysicalSciences.CW.FP/TONS,2024-01-04 00:00:00,D,69.240537500,Chilled Water,2024-01-06,72.263275000,2452.600385416,542.2927083,
PhysicalSciences.STM.M22-V/AverageMassFlow,2024-01-04 00:00:00,D,2041.344375000,Steam,2024-01-07,71.942165625,2104.941322916,544.875,
PhysicalSciences.CW.FP/TONS,2024-01-05 00:00:00,D,68.849388541,Chilled Water,2024-01-08,72.294279166,2016.493541666,557.7458333,
PhysicalSciences.STM.M22-V/AverageMassFlow,2024-01-05 00:00:00,D,2451.040375000,Steam,2024-01-09,72.605045833,1866.858250000,541.4604167,
PhysicalSciences.CW.FP/TONS,2024-01-06 00:00:00,D,72.263275000,Chilled Water,2024-01-10,44.544364583,1443.338795833,539.459375,
PhysicalSciences.STM.M22-V/AverageMassFlow,2024-01-06 00:00:00,D,2452.600385416,Steam,2024-01-11,51.807741666,1723.011781250,542.8427083,
PhysicalSciences.CW.FP/TONS,2024-01-07 00:00:00,D,71.942165625,Chilled Water,2024-01-12,56.380388541,1535.039864583,545.2208333,
PhysicalSciences.STM.M22-V/AverageMassFlow,2024-01-07 00:00:00,D,2104.941322916,Steam,2024-01-13,57.908828125,1326.524012500,522.95,
PhysicalSciences.CW.FP/TONS,2024-01-08 00:00:00,D,72.294279166,Chilled Water,2024-01-14,54.815379166,2138.076260416,517.34375,
PhysicalSciences.STM.M22-V/AverageMassFlow,2024-01-08 00:00:00,D,2016.493541666,Steam,2024-01-15,64.762008437,3011.681989583,518.896875,
PhysicalSciences.CW.FP/TONS,2024-01-09 00:00:00,D,72.605045833,Chilled Water,2024-01-16,62.806222916,2825.954812500,551.2677083,
PhysicalSciences.STM.M22-V/AverageMassFlow,2024-01-09 00:00:00,D,1866.858250000,Steam,2024-01-17,63.867344791,3148.297677083,574.1510417,
PhysicalSciences.CW.FP/TONS,2024-01-10 00:00:00,D,44.544364583,Chilled Water,2024-01-18,66.407919148,2653.483312500,574.7166667,
PhysicalSciences.STM.M22-V/AverageMassFlow,2024-01-10 00:00:00,D,1443.338795833,Steam,2024-01-19,66.304752291,2516.706062500,565.571875,
PhysicalSciences.CW.FP/TONS,2024-01-11 00:00:00,D,51.807741666,Chilled Water,2024-01-20,64.616715625,2973.413114583,550.253125,
PhysicalSciences.STM.M22-V/AverageMassFlow,2024-01-11 00:00:00,D,1723.011781250,Steam,2024-01-21,64.857767708,2731.395406250,555.8416667,
PhysicalSciences.CW.FP/TONS,2024-01-12 00:00:00,D,56.380388541,Chilled Water,2024-01-22,65.286358541,2538.512677083,578.5552083,
PhysicalSciences.STM.M22-V/AverageMassFlow,2024-01-12 00:00:00,D,1535.039864583,Steam,2024-01-23,67.666835520,1851.578958333,573.6708333,
PhysicalSciences.CW.FP/TONS,2024-01-13 00:00:00,D,57.908828125,Chilled Water,2024-01-24,63.163205416,1578.263233333,580.1979167,
PhysicalSciences.STM.M22-V/AverageMassFlow,2024-01-13 00:00:00,D,1326.524012500,Steam,2024-01-25,64.486924895,1372.708786458,562.5677083,
PhysicalSciences.CW.FP/TONS,2024-01-14 00:00:00,D,54.815379166,Chilled Water,2024-01-26,72.658323958,1302.432836458,580.2458333,
PhysicalSciences.STM.M22-V/AverageMassFlow,2024-01-14 00:00:00,D,2138.076260416,Steam,2024-01-27,60.058990625,1475.378979166,551.2364583,
PhysicalSciences.CW.FP/TONS,2024-01-15 00:00:00,D,64.762008437,Chilled Water,2024-01-28,62.344492708,1421.678760416,560.9864583,
PhysicalSciences.STM.M22-V/AverageMassFlow,2024-01-15 00:00:00,D,3011.681989583,Steam,2024-01-29,59.486018437,2194.788229166,583.86875,
PhysicalSciences.CW.FP/TONS,2024-01-16 00:00:00,D,62.806222916,Chilled Water,2024-01-30,59.103223437,2274.781104166,591.5614583,
PhysicalSciences.STM.M22-V/AverageMassFlow,2024-01-16 00:00:00,D,2825.954812500,Steam,2024-01-31,58.642310729,1883.116020833,582.9104167,
PhysicalSciences.CW.FP/TONS,2024-01-17 00:00:00,D,63.867344791,Chilled Water,2024-02-01,60.961016842,1760.840270833,576.578125,
PhysicalSciences.STM.M22-V/AverageMassFlow,2024-01-17 00:00:00,D,3148.297677083,Steam,2024-02-02,66.841573958,1738.530177083,572.6708333,
PhysicalSciences.CW.FP/TONS,2024-01-18 00:00:00,D,66.407919148,Chilled Water,2024-02-03,62.758468750,1873.119916666,551.690625,
PhysicalSciences.STM.M22-V/AverageMassFlow,2024-01-18 00:00:00,D,2653.483312500,Steam,2024-02-04,60.503980208,1892.752104166,545.6041667,
PhysicalSciences.CW.FP/TONS,2024-01-19 00:00:00,D,66.304752291,Chilled Water,2024-02-05,70.005976041,2003.474750000,568.6291667,
PhysicalSciences.STM.M22-V/AverageMassFlow,2024-01-19 00:00:00,D,2516.706062500,Steam,2024-02-06,70.675914583,2425.098333333,577.403125,
PhysicalSciences.CW.FP/TONS,2024-01-20 00:00:00,D,64.616715625,Chilled Water,2024-02-07,68.944062500,2135.124604166,575.5072917,
PhysicalSciences.STM.M22-V/AverageMassFlow,2024-01-20 00:00:00,D,2973.413114583,Steam,2024-02-08,68.765111702,1643.320166666,585.16875,
PhysicalSciences.CW.FP/TONS,2024-01-21 00:00:00,D,64.857767708,Chilled Water,2024-02-09,105.301039583,1394.957398958,573.4552083,
PhysicalSciences.STM.M22-V/AverageMassFlow,2024-01-21 00:00:00,D,2731.395406250,Steam,2024-02-10,75.475991666,1132.822435416,549.3572917,
PhysicalSciences.CW.FP/TONS,2024-01-22 00:00:00,D,65.286358541,Chilled Water,2024-02-11,75.671239583,1388.109989583,539.50625,
PhysicalSciences.STM.M22-V/AverageMassFlow,2024-01-22 00:00:00,D,2538.512677083,Steam,2024-02-12,75.304024731,1869.864427083,559.3770833,
PhysicalSciences.CW.FP/TONS,2024-01-23 00:00:00,D,67.666835520,Chilled Water,2024-02-13,70.996922105,2100.680260416,578.8125,
PhysicalSciences.STM.M22-V/AverageMassFlow,2024-01-23 00:00:00,D,1851.578958333,Steam,2024-02-14,71.829715789,2634.183781250,586.4916667,
PhysicalSciences.CW.FP/TONS,2024-01-24 00:00:00,D,63.163205416,Chilled Water,2024-02-15,76.643338541,2572.511250000,588.0565341,
PhysicalSciences.STM.M22-V/AverageMassFlow,2024-01-24 00:00:00,D,1578.263233333,Steam,2024-02-16,75.727809375,2119.318572916,581.7237132,
PhysicalSciences.CW.FP/TONS,2024-01-25 00:00:00,D,64.486924895,Chilled Water,2024-02-17,73.879621875,2324.174718750,559.6239583,
PhysicalSciences.STM.M22-V/AverageMassFlow,2024-01-25 00:00:00,D,1372.708786458,Steam,2024-02-18,72.727804255,2571.584687500,557.4635417,
PhysicalSciences.CW.FP/TONS,2024-01-26 00:00:00,D,72.658323958,Chilled Water,2024-02-19,70.851090625,2574.854718750,561.7166667,
PhysicalSciences.STM.M22-V/AverageMassFlow,2024-01-26 00:00:00,D,1302.432836458,Steam,2024-02-20,70.753663541,2874.483739583,573.7525085,
PhysicalSciences.CW.FP/TONS,2024-01-27 00:00:00,D,60.058990625,Chilled Water,2024-02-21,77.789796875,1850.311822916,578.6291667,
PhysicalSciences.STM.M22-V/AverageMassFlow,2024-01-27 00:00:00,D,1475.378979166,Steam,2024-02-22,76.252104166,1810.169593750,581.2447917,
PhysicalSciences.CW.FP/TONS,2024-01-28 00:00:00,D,62.344492708,Chilled Water,2024-02-23,75.216334375,1509.341510416,595.4822917,
PhysicalSciences.STM.M22-V/AverageMassFlow,2024-01-28 00:00:00,D,1421.678760416,Steam,2024-02-24,74.229868539,2266.186895833,592.3354167,
PhysicalSciences.CW.FP/TONS,2024-01-29 00:00:00,D,59.486018437,Chilled Water,2024-02-25,73.443325000,2394.858993750,589.7339904,
PhysicalSciences.STM.M22-V/AverageMassFlow,2024-01-29 00:00:00,D,2194.788229166,Steam,2024-02-26,86.065631578,1459.344895833,596.58125,
PhysicalSciences.CW.FP/TONS,2024-01-30 00:00:00,D,59.103223437,Chilled Water,2024-02-27,120.692101041,1358.773004166,583.6208333,
PhysicalSciences.STM.M22-V/AverageMassFlow,2024-01-30 00:00:00,D,2274.781104166,Steam,2024-02-28,97.806117708,1226.539060416,571.2354167,
PhysicalSciences.CW.FP/TONS,2024-01-31 00:00:00,D,58.642310729,Chilled Water,2024-02-29,79.440633333,2634.211614583,569.215625,
PhysicalSciences.STM.M22-V/AverageMassFlow,2024-01-31 00:00:00,D,1883.116020833,Steam,2024-03-01,74.857994791,2224.364177083,571.3125,
PhysicalSciences.CW.FP/TONS,2024-02-01 00:00:00,D,60.961016842,Chilled Water,2024-03-02,73.752803125,1273.909552083,568.7239583,
PhysicalSciences.STM.M22-V/AverageMassFlow,2024-02-01 00:00:00,D,1760.840270833,Steam,2024-03-03,74.311850000,1190.262134375,571.3916667,
PhysicalSciences.CW.FP/TONS,2024-02-02 00:00:00,D,66.841573958,Chilled Water,2024-03-04,133.890273958,1365.918072916,574.503125,
PhysicalSciences.STM.M22-V/AverageMassFlow,2024-02-02 00:00:00,D,1738.530177083,Steam,2024-03-05,86.997728125,1407.074930208,588.9145833,
PhysicalSciences.CW.FP/TONS,2024-02-03 00:00:00,D,62.758468750,Chilled Water,2024-03-06,72.133607291,1321.016871875,576.5083333,
PhysicalSciences.STM.M22-V/AverageMassFlow,2024-02-03 00:00:00,D,1873.119916666,Steam,2024-03-07,70.199810416,1705.220583333,575.0333333,
PhysicalSciences.CW.FP/TONS,2024-02-04 00:00:00,D,60.503980208,Chilled Water,2024-03-08,95.401106593,1780.653343750,578.9395833,
PhysicalSciences.STM.M22-V/AverageMassFlow,2024-02-04 00:00:00,D,1892.752104166,Steam,2024-03-09,67.850261458,1304.558410416,583.803125,
PhysicalSciences.CW.FP/TONS,2024-02-05 00:00:00,D,70.005976041,Chilled Water,2024-03-10,71.176856250,1639.256000000,583.9822917,
PhysicalSciences.STM.M22-V/AverageMassFlow,2024-02-05 00:00:00,D,2003.474750000,Steam,2024-03-11,76.999457291,2163.295375000,604.0135417,
PhysicalSciences.CW.FP/TONS,2024-02-06 00:00:00,D,70.675914583,Chilled Water,2024-03-12,93.839389583,1516.877708333,594.33125,
PhysicalSciences.STM.M22-V/AverageMassFlow,2024-02-06 00:00:00,D,2425.098333333,Steam,2024-03-13,147.942605208,1371.043218750,566.821875,
PhysicalSciences.CW.FP/TONS,2024-02-07 00:00:00,D,68.944062500,Chilled Water,2024-03-14,127.421167708,1407.327210416,564.4635417,
PhysicalSciences.STM.M22-V/AverageMassFlow,2024-02-07 00:00:00,D,2135.124604166,Steam,2024-03-15,77.147943750,1355.006987500,591.3,
PhysicalSciences.CW.FP/TONS,2024-02-08 00:00:00,D,68.765111702,Chilled Water,2024-03-16,76.591067368,1249.871420833,589.9114583,
PhysicalSciences.STM.M22-V/AverageMassFlow,2024-02-08 00:00:00,D,1643.320166666,Steam,2024-03-17,65.403667708,1179.999762500,585.646875,
PhysicalSciences.CW.FP/TONS,2024-02-09 00:00:00,D,105.301039583,Chilled Water,2024-03-18,65.591532291,2003.676656250,584.1791667,
PhysicalSciences.STM.M22-V/AverageMassFlow,2024-02-09 00:00:00,D,1394.957398958,Steam,2024-03-19,70.909115625,2210.943958333,582.821875,
PhysicalSciences.CW.FP/TONS,2024-02-10 00:00:00,D,75.475991666,Chilled Water,2024-03-20,69.005637894,1906.575281250,568.3416667,
PhysicalSciences.STM.M22-V/AverageMassFlow,2024-02-10 00:00:00,D,1132.822435416,Steam,2024-03-21,68.437856250,2813.082177083,572.7677083,
PhysicalSciences.CW.FP/TONS,2024-02-11 00:00:00,D,75.671239583,Chilled Water,2024-03-22,62.744283157,2612.533166666,568.9364583,
PhysicalSciences.STM.M22-V/AverageMassFlow,2024-02-11 00:00:00,D,1388.109989583,Steam,2024-03-23,67.375834375,2211.262489583,542.3375,
PhysicalSciences.CW.FP/TONS,2024-02-12 00:00:00,D,75.304024731,Chilled Water,2024-03-24,67.643914736,2261.141583333,544.346875,
PhysicalSciences.STM.M22-V/AverageMassFlow,2024-02-12 00:00:00,D,1869.864427083,Steam,2024-03-25,74.870422916,2060.813510416,557.4864583,
PhysicalSciences.CW.FP/TONS,2024-02-13 00:00:00,D,70.996922105,Chilled Water,2024-03-26,93.888713829,1551.326145833,565.1791667,
PhysicalSciences.STM.M22-V/AverageMassFlow,2024-02-13 00:00:00,D,2100.680260416,Steam,2024-03-27,87.464185416,1400.968254166,564.1229167,
PhysicalSciences.CW.FP/TONS,2024-02-14 00:00:00,D,71.829715789,Chilled Water,2024-03-28,70.599302500,1049.118414583,561.78125,
PhysicalSciences.STM.M22-V/AverageMassFlow,2024-02-14 00:00:00,D,2634.183781250,Steam,2024-03-29,71.368510416,1049.118414583,576.85625,
PhysicalSciences.CW.FP/TONS,2024-02-15 00:00:00,D,76.643338541,Chilled Water,2024-03-30,73.877347916,1049.118414584,563.4489583,
PhysicalSciences.STM.M22-V/AverageMassFlow,2024-02-15 00:00:00,D,2572.511250000,Steam,2024-03-31,75.182891666,70.361396875,577.8302083,
PhysicalSciences.CW.FP/TONS,2024-02-16 00:00:00,D,75.727809375,Chilled Water,2024-04-01,83.467288541,70.361396875,579.4010417,
PhysicalSciences.STM.M22-V/AverageMassFlow,2024-02-16 00:00:00,D,2119.318572916,Steam,2024-04-02,74.914277083,1291.126464583,580.6791667,
PhysicalSciences.CW.FP/TONS,2024-02-17 00:00:00,D,73.879621875,Chilled Water,2024-04-03,75.785104347,1229.857032978,576.9709005,
PhysicalSciences.STM.M22-V/AverageMassFlow,2024-02-17 00:00:00,D,2324.174718750,Steam,2024-04-04,72.135642105,1634.224239583,569.7604167,
PhysicalSciences.CW.FP/TONS,2024-02-18 00:00:00,D,72.727804255,Chilled Water,2024-04-05,67.511550000,1863.666489795,585.32179,
PhysicalSciences.STM.M22-V/AverageMassFlow,2024-02-18 00:00:00,D,2571.584687500,Steam,2024-04-06,67.511550000,1579.284520833,581.7114583,
PhysicalSciences.CW.FP/TONS,2024-02-19 00:00:00,D,70.851090625,Chilled Water,2024-04-07,130.340863636,1220.504945833,574.4947917,
PhysicalSciences.STM.M22-V/AverageMassFlow,2024-02-19 00:00:00,D,2574.854718750,Steam,2024-04-08,130.340863636,1577.754562500,575.246875,
PhysicalSciences.CW.FP/TONS,2024-02-20 00:00:00,D,70.753663541,Chilled Water,2024-04-09,130.340863636,1437.837291666,560.8802083,
PhysicalSciences.STM.M22-V/AverageMassFlow,2024-02-20 00:00:00,D,2874.483739583,Steam,2024-04-10,130.340863637,1292.850056923,547.6735256,
PhysicalSciences.CW.FP/TONS,2024-02-21 00:00:00,D,77.789796875,Chilled Water,2024-04-11,130.340863638,1447.043802083,561.7958333,
PhysicalSciences.STM.M22-V/AverageMassFlow,2024-02-21 00:00:00,D,1850.311822916,Steam,2024-04-12,130.340863639,1379.318457291,550.059375,
PhysicalSciences.CW.FP/TONS,2024-02-22 00:00:00,D,76.252104166,Chilled Water,2024-04-13,130.340863640,1290.405139583,570.9229167,
PhysicalSciences.STM.M22-V/AverageMassFlow,2024-02-22 00:00:00,D,1810.169593750,Steam,2024-04-14,130.340863641,1277.382481250,571.7395833,
PhysicalSciences.CW.FP/TONS,2024-02-23 00:00:00,D,75.216334375,Chilled Water,2024-04-15,130.340863642,1472.500842708,571.5333333,
PhysicalSciences.STM.M22-V/AverageMassFlow,2024-02-23 00:00:00,D,1509.341510416,Steam,2024-04-16,130.340863643,1409.142647916,572.1895833,
PhysicalSciences.CW.FP/TONS,2024-02-24 00:00:00,D,74.229868539,Chilled Water,2024-04-17,68.684480000,1303.133617708,571.6427083,
PhysicalSciences.STM.M22-V/AverageMassFlow,2024-02-24 00:00:00,D,2266.186895833,Steam,2024-04-18,68.684480001,1169.905563541,578.1583333,
PhysicalSciences.CW.FP/TONS,2024-02-25 00:00:00,D,73.443325000,Chilled Water,2024-04-19,68.684480002,1389.992921875,608.721875,
PhysicalSciences.STM.M22-V/AverageMassFlow,2024-02-25 00:00:00,D,2394.858993750,Steam,2024-04-20,68.684480003,1094.517819791,605.8229167,
PhysicalSciences.CW.FP/TONS,2024-02-26 00:00:00,D,86.065631578,Chilled Water,2024-04-21,68.684480004,1226.791323958,595.7927083,
PhysicalSciences.STM.M22-V/AverageMassFlow,2024-02-26 00:00:00,D,1459.344895833,Steam,2024-04-22,68.684480005,1463.203982291,590.8666667,
PhysicalSciences.CW.FP/TONS,2024-02-27 00:00:00,D,120.692101041,Chilled Water,2024-04-23,68.684480006,1387.945990625,593.603125,
PhysicalSciences.STM.M22-V/AverageMassFlow,2024-02-27 00:00:00,D,1358.773004166,Steam,2024-04-24,68.684480000,1304.295438541,578.5322917,
PhysicalSciences.CW.FP/TONS,2024-02-28 00:00:00,D,97.806117708,Chilled Water,2024-04-25,66.382505208,1731.080625000,578.659375,
PhysicalSciences.STM.M22-V/AverageMassFlow,2024-02-28 00:00:00,D,1226.539060416,Steam,2024-04-26,109.454339583,1661.825441666,577.8322917,
PhysicalSciences.CW.FP/TONS,2024-02-29 00:00:00,D,79.440633333,Chilled Water,2024-04-27,83.388832978,1150.397620833,573.0083333,
PhysicalSciences.STM.M22-V/AverageMassFlow,2024-02-29 00:00:00,D,2634.211614583,Steam,2024-04-28,163.527864210,1166.625394791,577.6072917,
PhysicalSciences.CW.FP/TONS,2024-03-01 00:00:00,D,74.857994791,Chilled Water,2024-04-29,311.225284210,1296.638440625,591.7875,
PhysicalSciences.STM.M22-V/AverageMassFlow,2024-03-01 00:00:00,D,2224.364177083,Steam,2024-04-30,241.938796842,1374.325430208,588.7864583,
PhysicalSciences.CW.FP/TONS,2024-03-02 00:00:00,D,73.752803125,Chilled Water,2024-05-01,179.840148958,1267.993660416,588.05625,
PhysicalSciences.STM.M22-V/AverageMassFlow,2024-03-02 00:00:00,D,1273.909552083,Steam,2024-05-02,246.966990625,1390.243020833,574.6302083,
PhysicalSciences.CW.FP/TONS,2024-03-03 00:00:00,D,74.311850000,Chilled Water,2024-05-03,205.025229473,1309.809748958,600.4791667,
PhysicalSciences.STM.M22-V/AverageMassFlow,2024-03-03 00:00:00,D,1190.262134375,Steam,2024-05-04,183.098553684,1206.386964583,593.2447917,
PhysicalSciences.CW.FP/TONS,2024-03-04 00:00:00,D,133.890273958,Chilled Water,2024-05-05,89.505425806,1193.364584375,590.571875,
PhysicalSciences.STM.M22-V/AverageMassFlow,2024-03-04 00:00:00,D,1365.918072916,Steam,2024-05-06,191.934552083,1400.629479166,594.7104167,
PhysicalSciences.CW.FP/TONS,2024-03-05 00:00:00,D,86.997728125,Chilled Water,2024-05-07,188.837592708,1410.123886458,590.9864583,
PhysicalSciences.STM.M22-V/AverageMassFlow,2024-03-05 00:00:00,D,1407.074930208,Steam,2024-05-08,271.288115625,1249.752703125,580.9020833,
PhysicalSciences.CW.FP/TONS,2024-03-06 00:00:00,D,72.133607291,Chilled Water,2024-05-09,115.447257291,1387.208292708,594.11875,
PhysicalSciences.STM.M22-V/AverageMassFlow,2024-03-06 00:00:00,D,1321.016871875,Steam,2024-05-10,79.731682105,1325.330116666,600.675,
PhysicalSciences.CW.FP/TONS,2024-03-07 00:00:00,D,70.199810416,Chilled Water,2024-05-11,104.388917708,1174.578620833,593.1020833,
PhysicalSciences.STM.M22-V/AverageMassFlow,2024-03-07 00:00:00,D,1705.220583333,Steam,2024-05-12,89.775988421,1211.112952083,584.35625,
PhysicalSciences.CW.FP/TONS,2024-03-08 00:00:00,D,95.401106593,Chilled Water,2024-05-13,137.237510416,1377.313389583,551.3520833,
PhysicalSciences.STM.M22-V/AverageMassFlow,2024-03-08 00:00:00,D,1780.653343750,Steam,2024-05-14,265.551250000,1389.806379166,530.878125,
PhysicalSciences.CW.FP/TONS,2024-03-09 00:00:00,D,67.850261458,Chilled Water,2024-05-15,223.966687500,1319.680321875,534.4177083,
PhysicalSciences.STM.M22-V/AverageMassFlow,2024-03-09 00:00:00,D,1304.558410416,Steam,2024-05-16,253.983910416,1379.299732291,537.4208333,
PhysicalSciences.CW.FP/TONS,2024-03-10 00:00:00,D,71.176856250,Chilled Water,2024-05-17,244.171382291,1308.432692708,540.6135417,
PhysicalSciences.STM.M22-V/AverageMassFlow,2024-03-10 00:00:00,D,1639.256000000,Steam,2024-05-18,239.978666666,1160.781319791,543.1229167,
PhysicalSciences.CW.FP/TONS,2024-03-11 00:00:00,D,76.999457291,Chilled Water,2024-05-19,277.688416666,1126.880621875,553.5572917,
PhysicalSciences.STM.M22-V/AverageMassFlow,2024-03-11 00:00:00,D,2163.295375000,Steam,2024-05-20,307.403608333,1255.082887500,572.84375,
PhysicalSciences.CW.FP/TONS,2024-03-12 00:00:00,D,93.839389583,Chilled Water,2024-05-21,410.556223404,1291.591985416,590.2541667,
PhysicalSciences.STM.M22-V/AverageMassFlow,2024-03-12 00:00:00,D,1516.877708333,Steam,2024-05-22,391.866451612,1177.993901041,580.6802083,
PhysicalSciences.CW.FP/TONS,2024-03-13 00:00:00,D,147.942605208,Chilled Water,2024-05-23,337.038291666,1299.228958947,571.85625,
PhysicalSciences.STM.M22-V/AverageMassFlow,2024-03-13 00:00:00,D,1371.043218750,Steam,2024-05-24,241.227193750,1153.354090625,587.1979167,
PhysicalSciences.CW.FP/TONS,2024-03-14 00:00:00,D,127.421167708,Chilled Water,2024-05-25,214.807952083,1021.180448958,575.7302083,
PhysicalSciences.STM.M22-V/AverageMassFlow,2024-03-14 00:00:00,D,1407.327210416,Steam,2024-05-26,259.502612500,1088.666396875,550.7614583,
PhysicalSciences.CW.FP/TONS,2024-03-15 00:00:00,D,77.147943750,Chilled Water,2024-05-27,369.118958333,1156.670444791,522.7770833,
PhysicalSciences.STM.M22-V/AverageMassFlow,2024-03-15 00:00:00,D,1355.006987500,Steam,2024-05-28,204.178835416,458.130076041,532.4489583,
PhysicalSciences.CW.FP/TONS,2024-03-16 00:00:00,D,76.591067368,Chilled Water,2024-05-29,102.064607526,458.130076041,534.5270833,
PhysicalSciences.STM.M22-V/AverageMassFlow,2024-03-16 00:00:00,D,1249.871420833,Steam,2024-05-30,80.556505376,1427.319073958,548.8354167,
PhysicalSciences.CW.FP/TONS,2024-03-17 00:00:00,D,65.403667708,Chilled Water,2024-05-31,141.491322916,1427.319073958,561.55,
PhysicalSciences.STM.M22-V/AverageMassFlow,2024-03-17 00:00:00,D,1179.999762500,Steam,2024-06-01,194.078428125,1198.380476041,550.0104167,
PhysicalSciences.CW.FP/TONS,2024-03-18 00:00:00,D,65.591532291,Chilled Water,2024-06-02,238.898358695,1165.580034375,550.3989583,
PhysicalSciences.STM.M22-V/AverageMassFlow,2024-03-18 00:00:00,D,2003.676656250,Steam,2024-06-03,284.701854166,1215.065816666,569.046875,
PhysicalSciences.CW.FP/TONS,2024-03-19 00:00:00,D,70.909115625,Chilled Water,2024-06-04,324.520802083,1129.856691666,568.0739583,
PhysicalSciences.STM.M22-V/AverageMassFlow,2024-03-19 00:00:00,D,2210.943958333,Steam,2024-06-05,398.546458333,1081.488327083,570.3645833,
PhysicalSciences.CW.FP/TONS,2024-03-20 00:00:00,D,69.005637894,Chilled Water,2024-06-06,440.813145833,1142.099107291,589.7197917,
PhysicalSciences.STM.M22-V/AverageMassFlow,2024-03-20 00:00:00,D,1906.575281250,Steam,2024-06-07,207.183677083,1233.524612500,599.9489583,
PhysicalSciences.CW.FP/TONS,2024-03-21 00:00:00,D,68.437856250,Chilled Water,2024-06-08,173.580592708,1127.536013541,576.3947917,
PhysicalSciences.STM.M22-V/AverageMassFlow,2024-03-21 00:00:00,D,2813.082177083,Steam,2024-06-09,133.583146875,1096.339934375,560.3708333,
PhysicalSciences.CW.FP/TONS,2024-03-22 00:00:00,D,62.744283157,Chilled Water,2024-06-10,112.661071578,1249.565006250,588.3927083,
PhysicalSciences.STM.M22-V/AverageMassFlow,2024-03-22 00:00:00,D,2612.533166666,Steam,2024-06-11,112.749344791,1201.281969791,590.9072917,
PhysicalSciences.CW.FP/TONS,2024-03-23 00:00:00,D,67.375834375,Chilled Water,2024-06-12,175.503392708,1192.412769791,571.1822917,
PhysicalSciences.STM.M22-V/AverageMassFlow,2024-03-23 00:00:00,D,2211.262489583,Steam,2024-06-13,251.334015625,1113.784934375,561.884375,
PhysicalSciences.CW.FP/TONS,2024-03-24 00:00:00,D,67.643914736,Chilled Water,2024-06-14,317.634157894,1055.995223958,564.2020833,
PhysicalSciences.STM.M22-V/AverageMassFlow,2024-03-24 00:00:00,D,2261.141583333,Steam,2024-06-15,200.145902083,1031.261872916,560.1802083,
PhysicalSciences.CW.FP/TONS,2024-03-25 00:00:00,D,74.870422916,Chilled Water,2024-06-16,187.342561458,996.727626041,566.45,
PhysicalSciences.STM.M22-V/AverageMassFlow,2024-03-25 00:00:00,D,2060.813510416,Steam,2024-06-17,345.047625000,1052.135171875,571.0583333,
PhysicalSciences.CW.FP/TONS,2024-03-26 00:00:00,D,93.888713829,Chilled Water,2024-06-18,516.196921348,1021.462425000,572.39375,
PhysicalSciences.STM.M22-V/AverageMassFlow,2024-03-26 00:00:00,D,1551.326145833,Steam,2024-06-19,543.406610526,868.948065625,557.0791667,
PhysicalSciences.CW.FP/TONS,2024-03-27 00:00:00,D,87.464185416,Chilled Water,2024-06-20,558.696885416,964.074650000,579.6645833,
PhysicalSciences.STM.M22-V/AverageMassFlow,2024-03-27 00:00:00,D,1400.968254166,Steam,2024-06-21,538.492434782,971.308657291,575.1979167,
PhysicalSciences.CW.FP/TONS,2024-03-28 00:00:00,D,70.599302500,Chilled Water,2024-06-22,482.186666666,906.666756250,544.675,
PhysicalSciences.STM.M22-V/AverageMassFlow,2024-03-28 00:00:00,D,1049.118414583,Steam,2024-06-23,475.948366666,897.402298958,549.365625,
PhysicalSciences.CW.FP/TONS,2024-03-29 00:00:00,D,71.368510416,Chilled Water,2024-06-24,261.760500000,1088.549527083,554.96875,
PhysicalSciences.STM.M22-V/AverageMassFlow,2024-03-29 00:00:00,D,0.000000000,Steam,2024-06-25,260.759584375,1084.535866666,550.8083333,
PhysicalSciences.CW.FP/TONS,2024-03-30 00:00:00,D,73.877347916,Chilled Water,2024-06-26,350.462545833,1011.200181250,561.0760417,
PhysicalSciences.STM.M22-V/AverageMassFlow,2024-03-30 00:00:00,D,0.000000000,Steam,2024-06-27,235.548584375,1176.624230208,571.5064716,
PhysicalSciences.CW.FP/TONS,2024-03-31 00:00:00,D,75.182891666,Chilled Water,2024-06-28,182.223267708,1166.242210416,583.8489583,
PhysicalSciences.STM.M22-V/AverageMassFlow,2024-03-31 00:00:00,D,0.000000000,Steam,2024-06-29,324.906656250,1084.183555208,574.2666667,
PhysicalSciences.CW.FP/TONS,2024-04-01 00:00:00,D,83.467288541,Chilled Water,2024-06-30,428.582968750,1036.068181250,584.9364583,
PhysicalSciences.STM.M22-V/AverageMassFlow,2024-04-01 00:00:00,D,70.361396875,Steam,2024-07-01,166.664738541,1203.490954166,597.09375,
PhysicalSciences.CW.FP/TONS,2024-04-02 00:00:00,D,74.914277083,Chilled Water,2024-07-02,208.290362105,1103.542534375,598.5260417,
PhysicalSciences.STM.M22-V/AverageMassFlow,2024-04-02 00:00:00,D,1291.126464583,Steam,2024-07-03,317.531406250,1088.826858333,579.4520833,
PhysicalSciences.CW.FP/TONS,2024-04-03 00:00:00,D,75.785104347,Chilled Water,2024-07-04,452.081400000,1066.554460416,570.6572917,
PhysicalSciences.STM.M22-V/AverageMassFlow,2024-04-03 00:00:00,D,1229.857032978,Steam,2024-07-05,525.335427083,1081.110076041,587.165625,
PhysicalSciences.CW.FP/TONS,2024-04-04 00:00:00,D,72.135642105,Chilled Water,2024-07-06,484.769052083,958.106228125,561.9083333,
PhysicalSciences.STM.M22-V/AverageMassFlow,2024-04-04 00:00:00,D,1634.224239583,Steam,2024-07-07,367.209927083,963.578020833,546.190625,
PhysicalSciences.CW.FP/TONS,2024-04-05 00:00:00,D,67.511550000,Chilled Water,2024-07-08,417.338337209,1018.886963541,551.803125,
PhysicalSciences.STM.M22-V/AverageMassFlow,2024-04-05 00:00:00,D,1863.666489795,Steam,2024-07-09,474.052520833,1053.907325000,547.65,
,,,,,2024-07-10,562.903541666,1048.347212500,560.6520833,
PhysicalSciences.STM.M22-V/AverageMassFlow,2024-04-06 00:00:00,D,1579.284520833,Steam,2024-07-11,467.100239583,1076.264497916,572.1375,
,,,,,2024-07-12,407.052281250,1110.349760416,580.4020833,
PhysicalSciences.STM.M22-V/AverageMassFlow,2024-04-07 00:00:00,D,1220.504945833,Steam,2024-07-13,413.091311827,968.260994791,586.1614583,
PhysicalSciences.CW.FP/TONS,2024-04-08 00:00:00,D,130.340863636,Chilled Water,2024-07-14,337.362822916,980.132732291,579.7770833,
PhysicalSciences.STM.M22-V/AverageMassFlow,2024-04-08 00:00:00,D,1577.754562500,Steam,2024-07-15,480.039895833,1027.799840625,585.628125,
,,,,,2024-07-16,475.786572916,1064.198410416,587.25625,
PhysicalSciences.STM.M22-V/AverageMassFlow,2024-04-09 00:00:00,D,1437.837291666,Steam,2024-07-17,469.970526315,1059.808351041,561.2145833,
,,,,,2024-07-18,344.443364583,1123.824382291,547.2125,
PhysicalSciences.STM.M22-V/AverageMassFlow,2024-04-10 00:00:00,D,1292.850056923,Steam,2024-07-19,218.497258333,1102.642258333,559.934375,
,,,,,2024-07-20,221.163079347,1008.342347916,551.453125,
PhysicalSciences.STM.M22-V/AverageMassFlow,2024-04-11 00:00:00,D,1447.043802083,Steam,2024-07-21,269.525378125,960.959962500,540.55625,
,,,,,2024-07-22,364.631343750,1017.075250000,566.7104167,
PhysicalSciences.STM.M22-V/AverageMassFlow,2024-04-12 00:00:00,D,1379.318457291,Steam,2024-07-23,411.113723404,1083.806994791,578.2354167,
,,,,,2024-07-24,436.277427083,1086.862514583,577.5739583,
PhysicalSciences.STM.M22-V/AverageMassFlow,2024-04-13 00:00:00,D,1290.405139583,Steam,2024-07-25,337.561644444,1085.001959375,566.446875,
,,,,,2024-07-26,230.717330208,1074.869266666,573.9197917,
PhysicalSciences.STM.M22-V/AverageMassFlow,2024-04-14 00:00:00,D,1277.382481250,Steam,2024-07-27,208.087048958,976.972678125,591.6510417,
,,,,,2024-07-28,254.576302083,963.789936458,596.3916667,
PhysicalSciences.STM.M22-V/AverageMassFlow,2024-04-15 00:00:00,D,1472.500842708,Steam,2024-07-29,337.009156250,1074.309161458,606.7395833,
,,,,,2024-07-30,490.093916666,1077.562397916,585.5052083,
PhysicalSciences.STM.M22-V/AverageMassFlow,2024-04-16 00:00:00,D,1409.142647916,Steam,2024-07-31,509.609687500,1073.143153125,551.86875,
,,,,,2024-08-01,484.423894736,1067.043604166,552.35625,
PhysicalSciences.STM.M22-V/AverageMassFlow,2024-04-17 00:00:00,D,1303.133617708,Steam,2024-08-02,498.689687500,1065.619780208,575.0666667,
,,,,,2024-08-03,455.777270833,1020.584430208,551.2333333,
PhysicalSciences.STM.M22-V/AverageMassFlow,2024-04-18 00:00:00,D,1169.905563541,Steam,2024-08-04,458.702552083,963.872737500,535.7739583,
,,,,,2024-08-05,395.697375000,1084.478680208,552.675,
PhysicalSciences.STM.M22-V/AverageMassFlow,2024-04-19 00:00:00,D,1389.992921875,Steam,2024-08-06,445.328221052,1151.577191666,573.9229167,
,,,,,2024-08-07,305.194083333,1155.900119791,572.271875,
PhysicalSciences.STM.M22-V/AverageMassFlow,2024-04-20 00:00:00,D,1094.517819791,Steam,2024-08-08,348.873135416,1143.524929166,573.946875,
,,,,,2024-08-09,459.185395833,1124.244108333,582.9083333,
PhysicalSciences.STM.M22-V/AverageMassFlow,2024-04-21 00:00:00,D,1226.791323958,Steam,2024-08-10,314.952312500,1033.576392708,576.9145833,
,,,,,2024-08-11,202.318037894,1034.097656842,582.0604167,
PhysicalSciences.STM.M22-V/AverageMassFlow,2024-04-22 00:00:00,D,1463.203982291,Steam,2024-08-12,205.045950000,1196.662096875,603.1822917,
,,,,,2024-08-13,278.002635416,1146.620735416,580.7322917,
PhysicalSciences.STM.M22-V/AverageMassFlow,2024-04-23 00:00:00,D,1387.945990625,Steam,2024-08-14,254.778025000,1115.542396875,577.96875,
PhysicalSciences.CW.FP/TONS,2024-04-24 00:00:00,D,68.684480000,Chilled Water,2024-08-15,271.988243750,1083.767828125,572.4114583,
PhysicalSciences.STM.M22-V/AverageMassFlow,2024-04-24 00:00:00,D,1304.295438541,Steam,2024-08-16,282.186437500,1079.123969791,580.6864583,
PhysicalSciences.CW.FP/TONS,2024-04-25 00:00:00,D,66.382505208,Chilled Water,2024-08-17,362.246093750,953.997292708,565.371875,
PhysicalSciences.STM.M22-V/AverageMassFlow,2024-04-25 00:00:00,D,1731.080625000,Steam,2024-08-18,395.548479166,984.139823958,550.8666667,
PhysicalSciences.CW.FP/TONS,2024-04-26 00:00:00,D,109.454339583,Chilled Water,2024-08-19,327.481284375,1110.476864583,551.8447917,
PhysicalSciences.STM.M22-V/AverageMassFlow,2024-04-26 00:00:00,D,1661.825441666,Steam,2024-08-20,121.607016666,1283.697736458,561.034375,
PhysicalSciences.CW.FP/TONS,2024-04-27 00:00:00,D,83.388832978,Chilled Water,2024-08-21,118.001243750,1166.348563541,561.7885417,
PhysicalSciences.STM.M22-V/AverageMassFlow,2024-04-27 00:00:00,D,1150.397620833,Steam,2024-08-22,177.110432291,1191.360571875,565.2552083,
PhysicalSciences.CW.FP/TONS,2024-04-28 00:00:00,D,163.527864210,Chilled Water,2024-08-23,182.077262765,1064.794416666,569.6979167,
PhysicalSciences.STM.M22-V/AverageMassFlow,2024-04-28 00:00:00,D,1166.625394791,Steam,2024-08-24,206.140329032,1019.624318750,570.0989583,
PhysicalSciences.CW.FP/TONS,2024-04-29 00:00:00,D,311.225284210,Chilled Water,2024-08-25,255.509868750,986.486677083,582.2354167,
PhysicalSciences.STM.M22-V/AverageMassFlow,2024-04-29 00:00:00,D,1296.638440625,Steam,2024-08-26,269.187862500,1083.888208333,601.1739583,
PhysicalSciences.CW.FP/TONS,2024-04-30 00:00:00,D,241.938796842,Chilled Water,2024-08-27,313.699782291,1081.468154166,595.30625,
PhysicalSciences.STM.M22-V/AverageMassFlow,2024-04-30 00:00:00,D,1374.325430208,Steam,2024-08-28,484.271935416,1042.357584375,585.215625,
PhysicalSciences.CW.FP/TONS,2024-05-01 00:00:00,D,179.840148958,Chilled Water,2024-08-29,307.720473684,1126.959776041,586.3395833,
PhysicalSciences.STM.M22-V/AverageMassFlow,2024-05-01 00:00:00,D,1267.993660416,Steam,2024-08-30,351.864156250,1126.568035416,586.1979167,
PhysicalSciences.CW.FP/TONS,2024-05-02 00:00:00,D,246.966990625,Chilled Water,2024-08-31,366.349885416,1097.934266666,575.3427083,
PhysicalSciences.STM.M22-V/AverageMassFlow,2024-05-02 00:00:00,D,1390.243020833,Steam,2024-09-01,363.063625000,993.960313541,564.8302083,
PhysicalSciences.CW.FP/TONS,2024-05-03 00:00:00,D,205.025229473,Chilled Water,2024-09-02,173.357981250,1170.973476041,559.8697917,
PhysicalSciences.STM.M22-V/AverageMassFlow,2024-05-03 00:00:00,D,1309.809748958,Steam,2024-09-03,146.536472916,1229.586426041,590.909375,
PhysicalSciences.CW.FP/TONS,2024-05-04 00:00:00,D,183.098553684,Chilled Water,2024-09-04,167.943763541,1115.775939583,597.1364583,
PhysicalSciences.STM.M22-V/AverageMassFlow,2024-05-04 00:00:00,D,1206.386964583,Steam,2024-09-05,199.432704166,1109.323273958,566.2395833,
PhysicalSciences.CW.FP/TONS,2024-05-05 00:00:00,D,89.505425806,Chilled Water,2024-09-06,236.237422916,1085.991711458,578.1770833,
PhysicalSciences.STM.M22-V/AverageMassFlow,2024-05-05 00:00:00,D,1193.364584375,Steam,2024-09-07,194.632157291,1049.569587500,578.465625,
PhysicalSciences.CW.FP/TONS,2024-05-06 00:00:00,D,191.934552083,Chilled Water,2024-09-08,115.779362500,1116.599218750,588.6791667,
PhysicalSciences.STM.M22-V/AverageMassFlow,2024-05-06 00:00:00,D,1400.629479166,Steam,2024-09-09,156.090563440,1184.638113541,599.34375,
PhysicalSciences.CW.FP/TONS,2024-05-07 00:00:00,D,188.837592708,Chilled Water,2024-09-10,183.174933333,1248.708781250,599.8645833,
PhysicalSciences.STM.M22-V/AverageMassFlow,2024-05-07 00:00:00,D,1410.123886458,Steam,2024-09-11,181.643307291,1167.399397916,574.7479167,
PhysicalSciences.CW.FP/TONS,2024-05-08 00:00:00,D,271.288115625,Chilled Water,2024-09-12,241.552648958,1159.134323958,562.86875,
PhysicalSciences.STM.M22-V/AverageMassFlow,2024-05-08 00:00:00,D,1249.752703125,Steam,2024-09-13,269.789381250,1116.526587500,583.8822917,
PhysicalSciences.CW.FP/TONS,2024-05-09 00:00:00,D,115.447257291,Chilled Water,2024-09-14,271.244356250,1029.046667708,571.096875,
PhysicalSciences.STM.M22-V/AverageMassFlow,2024-05-09 00:00:00,D,1387.208292708,Steam,2024-09-15,274.262050000,984.494151041,545.359375,
PhysicalSciences.CW.FP/TONS,2024-05-10 00:00:00,D,79.731682105,Chilled Water,2024-09-16,302.034281250,1147.731833333,554.9166667,
PhysicalSciences.STM.M22-V/AverageMassFlow,2024-05-10 00:00:00,D,1325.330116666,Steam,2024-09-17,238.335289583,1226.768090625,573.275,
PhysicalSciences.CW.FP/TONS,2024-05-11 00:00:00,D,104.388917708,Chilled Water,2024-09-18,224.906579166,1198.750079166,577.709375,
PhysicalSciences.STM.M22-V/AverageMassFlow,2024-05-11 00:00:00,D,1174.578620833,Steam,2024-09-19,279.974566315,1256.642836458,581.7614583,
PhysicalSciences.CW.FP/TONS,2024-05-12 00:00:00,D,89.775988421,Chilled Water,2024-09-20,290.059980208,1148.456314583,596.4270833,
PhysicalSciences.STM.M22-V/AverageMassFlow,2024-05-12 00:00:00,D,1211.112952083,Steam,2024-09-21,274.980270833,992.915420833,588.5864583,
PhysicalSciences.CW.FP/TONS,2024-05-13 00:00:00,D,137.237510416,Chilled Water,2024-09-22,261.858718750,1008.526039583,602.3729167,
PhysicalSciences.STM.M22-V/AverageMassFlow,2024-05-13 00:00:00,D,1377.313389583,Steam,2024-09-23,187.645240625,1238.358410416,613.9916667,
PhysicalSciences.CW.FP/TONS,2024-05-14 00:00:00,D,265.551250000,Chilled Water,2024-09-24,137.450910416,1428.014593750,582.7958333,
PhysicalSciences.STM.M22-V/AverageMassFlow,2024-05-14 00:00:00,D,1389.806379166,Steam,2024-09-25,178.942076041,1360.767773958,584.4739583,
PhysicalSciences.CW.FP/TONS,2024-05-15 00:00:00,D,223.966687500,Chilled Water,2024-09-26,318.417166666,1349.748410416,591.5739583,
PhysicalSciences.STM.M22-V/AverageMassFlow,2024-05-15 00:00:00,D,1319.680321875,Steam,2024-09-27,235.445250000,1241.840651041,607.6166667,
PhysicalSciences.CW.FP/TONS,2024-05-16 00:00:00,D,253.983910416,Chilled Water,2024-09-28,257.927510416,1119.428971875,590.6802083,
PhysicalSciences.STM.M22-V/AverageMassFlow,2024-05-16 00:00:00,D,1379.299732291,Steam,2024-09-29,243.778895833,1145.822654166,566.43125,
PhysicalSciences.CW.FP/TONS,2024-05-17 00:00:00,D,244.171382291,Chilled Water,2024-09-30,261.528552083,1281.082103125,577.75,
PhysicalSciences.STM.M22-V/AverageMassFlow,2024-05-17 00:00:00,D,1308.432692708,Steam,2024-10-01,226.328800000,1302.034767708,585.534375,
PhysicalSciences.CW.FP/TONS,2024-05-18 00:00:00,D,239.978666666,Chilled Water,2024-10-02,157.581284375,1323.031064583,610.34375,
PhysicalSciences.STM.M22-V/AverageMassFlow,2024-05-18 00:00:00,D,1160.781319791,Steam,2024-10-03,153.561243750,1298.146053125,609.459375,
PhysicalSciences.CW.FP/TONS,2024-05-19 00:00:00,D,277.688416666,Chilled Water,2024-10-04,176.810181250,1162.313136458,614.6854167,
PhysicalSciences.STM.M22-V/AverageMassFlow,2024-05-19 00:00:00,D,1126.880621875,Steam,2024-10-05,137.030195833,1035.554069791,590.215625,
PhysicalSciences.CW.FP/TONS,2024-05-20 00:00:00,D,307.403608333,Chilled Water,2024-10-06,140.953542708,1058.305972916,615.1322917,
PhysicalSciences.STM.M22-V/AverageMassFlow,2024-05-20 00:00:00,D,1255.082887500,Steam,2024-10-07,147.353809375,1302.421569791,633.4208333,
PhysicalSciences.CW.FP/TONS,2024-05-21 00:00:00,D,410.556223404,Chilled Water,2024-10-08,105.513779166,1400.887250000,620.2813172,
PhysicalSciences.STM.M22-V/AverageMassFlow,2024-05-21 00:00:00,D,1291.591985416,Steam,2024-10-09,95.852078125,1346.075726041,576.5614583,
PhysicalSciences.CW.FP/TONS,2024-05-22 00:00:00,D,391.866451612,Chilled Water,2024-10-10,78.838156250,1459.820072916,586.3270833,
PhysicalSciences.STM.M22-V/AverageMassFlow,2024-05-22 00:00:00,D,1177.993901041,Steam,2024-10-11,124.725430208,1352.544545833,584.2708333,
PhysicalSciences.CW.FP/TONS,2024-05-23 00:00:00,D,337.038291666,Chilled Water,2024-10-12,141.698588541,1138.265162500,563.1385417,
PhysicalSciences.STM.M22-V/AverageMassFlow,2024-05-23 00:00:00,D,1299.228958947,Steam,2024-10-13,76.349203125,1195.265662500,578.5177083,
PhysicalSciences.CW.FP/TONS,2024-05-24 00:00:00,D,241.227193750,Chilled Water,2024-10-14,77.143961956,1441.443989583,573.3989583,
PhysicalSciences.STM.M22-V/AverageMassFlow,2024-05-24 00:00:00,D,1153.354090625,Steam,2024-10-15,76.381809375,1475.055697916,588.5979167,
PhysicalSciences.CW.FP/TONS,2024-05-25 00:00:00,D,214.807952083,Chilled Water,2024-10-16,78.465166666,1477.562041666,599.9458333,
PhysicalSciences.STM.M22-V/AverageMassFlow,2024-05-25 00:00:00,D,1021.180448958,Steam,2024-10-17,82.534812500,1480.467916666,598.746875,
PhysicalSciences.CW.FP/TONS,2024-05-26 00:00:00,D,259.502612500,Chilled Water,2024-10-18,104.250623157,1409.872264583,601.1354167,
PhysicalSciences.STM.M22-V/AverageMassFlow,2024-05-26 00:00:00,D,1088.666396875,Steam,2024-10-19,116.492600000,1243.919673958,604.8614583,
PhysicalSciences.CW.FP/TONS,2024-05-27 00:00:00,D,369.118958333,Chilled Water,2024-10-20,133.361159574,1177.866197916,620.834375,
PhysicalSciences.STM.M22-V/AverageMassFlow,2024-05-27 00:00:00,D,1156.670444791,Steam,2024-10-21,185.763572916,1200.145133333,626.084375,
PhysicalSciences.CW.FP/TONS,2024-05-28 00:00:00,D,204.178835416,Chilled Water,2024-10-22,222.888566666,1244.503018750,612.1666667,
PhysicalSciences.STM.M22-V/AverageMassFlow,2024-05-28 00:00:00,D,458.130076041,Steam,2024-10-23,241.093493750,1227.532163541,561.6854167,
PhysicalSciences.CW.FP/TONS,2024-05-29 00:00:00,D,102.064607526,Chilled Water,2024-10-24,96.554335416,1293.455920833,576.4712766,
PhysicalSciences.STM.M22-V/AverageMassFlow,2024-05-29 00:00:00,D,0.000000000,Steam,2024-10-25,97.826737500,1400.487286458,600.7083333,
PhysicalSciences.CW.FP/TONS,2024-05-30 00:00:00,D,80.556505376,Chilled Water,2024-10-26,79.844804166,1086.081093750,580.5802083,
PhysicalSciences.STM.M22-V/AverageMassFlow,2024-05-30 00:00:00,D,0.000000000,Steam,2024-10-27,75.125179166,1169.583136458,601.70625,
PhysicalSciences.CW.FP/TONS,2024-05-31 00:00:00,D,141.491322916,Chilled Water,2024-10-28,88.861280208,1327.771292708,592.4208333,
PhysicalSciences.STM.M22-V/AverageMassFlow,2024-05-31 00:00:00,D,1427.319073958,Steam,2024-10-29,82.059416666,1373.822583333,605.621875,
PhysicalSciences.CW.FP/TONS,2024-06-01 00:00:00,D,194.078428125,Chilled Water,2024-10-30,192.905854166,1281.563908333,596.2114583,
PhysicalSciences.STM.M22-V/AverageMassFlow,2024-06-01 00:00:00,D,1198.380476041,Steam,2024-10-31,239.447988541,1271.198984375,585.075,
PhysicalSciences.CW.FP/TONS,2024-06-02 00:00:00,D,238.898358695,Chilled Water,2024-11-01,186.423783333,1263.106315625,532.1833333,
PhysicalSciences.STM.M22-V/AverageMassFlow,2024-06-02 00:00:00,D,1165.580034375,Steam,2024-11-02,77.071080208,1152.720891666,529.8229167,
PhysicalSciences.CW.FP/TONS,2024-06-03 00:00:00,D,284.701854166,Chilled Water,2024-11-03,69.102919791,1453.558569791,534.140625,
PhysicalSciences.STM.M22-V/AverageMassFlow,2024-06-03 00:00:00,D,1215.065816666,Steam,2024-11-04,80.391253125,1336.599955208,546.1145833,
PhysicalSciences.CW.FP/TONS,2024-06-04 00:00:00,D,324.520802083,Chilled Water,2024-11-05,171.448578125,1293.545710416,538.6979167,
PhysicalSciences.STM.M22-V/AverageMassFlow,2024-06-04 00:00:00,D,1129.856691666,Steam,2024-11-06,244.178452631,1227.146868750,523.128125,
PhysicalSciences.CW.FP/TONS,2024-06-05 00:00:00,D,398.546458333,Chilled Water,2024-11-07,100.400953125,1362.998643750,525.184375,
PhysicalSciences.STM.M22-V/AverageMassFlow,2024-06-05 00:00:00,D,1081.488327083,Steam,2024-11-08,70.131402083,1286.166416666,531.2885417,
PhysicalSciences.CW.FP/TONS,2024-06-06 00:00:00,D,440.813145833,Chilled Water,2024-11-09,61.267533333,1232.701077083,510.6510417,
PhysicalSciences.STM.M22-V/AverageMassFlow,2024-06-06 00:00:00,D,1142.099107291,Steam,2024-11-10,66.143635416,1238.300035416,490.7177083,
PhysicalSciences.CW.FP/TONS,2024-06-07 00:00:00,D,207.183677083,Chilled Water,2024-11-11,60.946647916,1165.744352083,496.053125,
PhysicalSciences.STM.M22-V/AverageMassFlow,2024-06-07 00:00:00,D,1233.524612500,Steam,2024-11-12,61.502172916,1460.559742708,515.078125,
PhysicalSciences.CW.FP/TONS,2024-06-08 00:00:00,D,173.580592708,Chilled Water,2024-11-13,68.318513333,1788.581250000,523.78125,
PhysicalSciences.STM.M22-V/AverageMassFlow,2024-06-08 00:00:00,D,1127.536013541,Steam,2024-11-14,75.814922916,1610.751564583,539.5114583,
PhysicalSciences.CW.FP/TONS,2024-06-09 00:00:00,D,133.583146875,Chilled Water,2024-11-15,74.209093750,1372.107637500,532.9166667,
PhysicalSciences.STM.M22-V/AverageMassFlow,2024-06-09 00:00:00,D,1096.339934375,Steam,2024-11-16,82.476898958,1040.340601041,540.1072917,
PhysicalSciences.CW.FP/TONS,2024-06-10 00:00:00,D,112.661071578,Chilled Water,2024-11-17,82.089828125,1227.345596875,545.58125,
PhysicalSciences.STM.M22-V/AverageMassFlow,2024-06-10 00:00:00,D,1249.565006250,Steam,2024-11-18,89.818953125,1349.357876041,553.278125,
PhysicalSciences.CW.FP/TONS,2024-06-11 00:00:00,D,112.749344791,Chilled Water,2024-11-19,84.532585416,1422.036822916,542.3875,
PhysicalSciences.STM.M22-V/AverageMassFlow,2024-06-11 00:00:00,D,1201.281969791,Steam,2024-11-20,83.796505208,1226.529550000,533.7635417,
PhysicalSciences.CW.FP/TONS,2024-06-12 00:00:00,D,175.503392708,Chilled Water,2024-11-21,85.491585416,1464.515034375,541.875,
PhysicalSciences.STM.M22-V/AverageMassFlow,2024-06-12 00:00:00,D,1192.412769791,Steam,2024-11-22,78.610141935,1716.614821052,544.3163564,
PhysicalSciences.CW.FP/TONS,2024-06-13 00:00:00,D,251.334015625,Chilled Water,2024-11-23,69.478075000,1507.149135416,526.4989583,
PhysicalSciences.STM.M22-V/AverageMassFlow,2024-06-13 00:00:00,D,1113.784934375,Steam,2024-11-24,69.591769791,1336.079005208,515.2979167,
PhysicalSciences.CW.FP/TONS,2024-06-14 00:00:00,D,317.634157894,Chilled Water,2024-11-25,74.530532291,1668.512218750,529.1541667,
PhysicalSciences.STM.M22-V/AverageMassFlow,2024-06-14 00:00:00,D,1055.995223958,Steam,2024-11-26,69.956554166,1503.748410416,540.6927083,
PhysicalSciences.CW.FP/TONS,2024-06-15 00:00:00,D,200.145902083,Chilled Water,2024-11-27,73.549910416,1632.164750000,543.5395833,
PhysicalSciences.STM.M22-V/AverageMassFlow,2024-06-15 00:00:00,D,1031.261872916,Steam,2024-11-28,73.939279166,1864.620729166,540.4802083,
PhysicalSciences.CW.FP/TONS,2024-06-16 00:00:00,D,187.342561458,Chilled Water,2024-11-29,68.147777083,1948.126822916,540.8260417,
PhysicalSciences.STM.M22-V/AverageMassFlow,2024-06-16 00:00:00,D,996.727626041,Steam,2024-11-30,71.986497916,2235.588760416,537.24375,
PhysicalSciences.CW.FP/TONS,2024-06-17 00:00:00,D,345.047625000,Chilled Water,2024-12-01,71.528036458,2439.541406250,532.4958333,
PhysicalSciences.STM.M22-V/AverageMassFlow,2024-06-17 00:00:00,D,1052.135171875,Steam,2024-12-02,72.072031250,2525.688802083,543.2135417,
PhysicalSciences.CW.FP/TONS,2024-06-18 00:00:00,D,516.196921348,Chilled Water,2024-12-03,72.914518750,2499.193145833,540.5239583,
PhysicalSciences.STM.M22-V/AverageMassFlow,2024-06-18 00:00:00,D,1021.462425000,Steam,2024-12-04,69.692911702,2626.151020833,531.2583334,
PhysicalSciences.CW.FP/TONS,2024-06-19 00:00:00,D,543.406610526,Chilled Water,2024-12-05,70.511304166,2468.264770833,525.928125,
PhysicalSciences.STM.M22-V/AverageMassFlow,2024-06-19 00:00:00,D,868.948065625,Steam,2024-12-06,75.713514893,2821.970791666,538.6760417,
PhysicalSciences.CW.FP/TONS,2024-06-20 00:00:00,D,558.696885416,Chilled Water,2024-12-07,77.289071875,2451.563114583,521.5041667,
PhysicalSciences.STM.M22-V/AverageMassFlow,2024-06-20 00:00:00,D,964.074650000,Steam,2024-12-08,76.267418279,1722.828532978,520.0589096,
PhysicalSciences.CW.FP/TONS,2024-06-21 00:00:00,D,538.492434782,Chilled Water,2024-12-09,75.042121052,1666.859510416,529.746875,
PhysicalSciences.STM.M22-V/AverageMassFlow,2024-06-21 00:00:00,D,971.308657291,Steam,2024-12-10,72.562902127,1354.801679166,541.9895834,
PhysicalSciences.CW.FP/TONS,2024-06-22 00:00:00,D,482.186666666,Chilled Water,2024-12-11,73.841857291,1441.306555208,550.4708334,
PhysicalSciences.STM.M22-V/AverageMassFlow,2024-06-22 00:00:00,D,906.666756250,Steam,2024-12-12,76.880190625,2589.392687500,546.3145834,
PhysicalSciences.CW.FP/TONS,2024-06-23 00:00:00,D,475.948366666,Chilled Water,2024-12-13,79.786619780,3100.594645833,542.2645834,
PhysicalSciences.STM.M22-V/AverageMassFlow,2024-06-23 00:00:00,D,897.402298958,Steam,2024-12-14,69.254298958,2951.227750000,504.7760417,
PhysicalSciences.CW.FP/TONS,2024-06-24 00:00:00,D,261.760500000,Chilled Water,2024-12-15,65.712535416,2464.074625000,502.0104167,
PhysicalSciences.STM.M22-V/AverageMassFlow,2024-06-24 00:00:00,D,1088.549527083,Steam,2024-12-16,67.275344791,1921.359552083,476.7041667,
PhysicalSciences.CW.FP/TONS,2024-06-25 00:00:00,D,260.759584375,Chilled Water,2024-12-17,68.926830208,1554.764385416,453.5916667,
PhysicalSciences.STM.M22-V/AverageMassFlow,2024-06-25 00:00:00,D,1084.535866666,Steam,2024-12-18,70.335839583,1693.396041666,459.9864584,
PhysicalSciences.CW.FP/TONS,2024-06-26 00:00:00,D,350.462545833,Chilled Water,2024-12-19,73.941290625,2070.457177083,460.8395834,
PhysicalSciences.STM.M22-V/AverageMassFlow,2024-06-26 00:00:00,D,1011.200181250,Steam,2024-12-20,68.366146875,2339.013260416,481.065625,
PhysicalSciences.CW.FP/TONS,2024-06-27 00:00:00,D,235.548584375,Chilled Water,2024-12-21,67.692898958,2844.783614583,501.7677084,
PhysicalSciences.STM.M22-V/AverageMassFlow,2024-06-27 00:00:00,D,1176.624230208,Steam,2024-12-22,68.457057291,3726.816354166,518.6604167,
PhysicalSciences.CW.FP/TONS,2024-06-28 00:00:00,D,182.223267708,Chilled Water,2024-12-23,69.363675000,3932.402729166,523.871875,
PhysicalSciences.STM.M22-V/AverageMassFlow,2024-06-28 00:00:00,D,1166.242210416,Steam,2024-12-24,78.158480208,2529.984645833,531.7010417,
PhysicalSciences.CW.FP/TONS,2024-06-29 00:00:00,D,324.906656250,Chilled Water,2024-12-25,76.382613541,2461.537156250,536.340625,
PhysicalSciences.STM.M22-V/AverageMassFlow,2024-06-29 00:00:00,D,1084.183555208,Steam,2024-12-26,77.852507291,2864.000625000,524.8604167,
PhysicalSciences.CW.FP/TONS,2024-06-30 00:00:00,D,428.582968750,Chilled Water,2024-12-27,76.838954166,2633.734729166,536.4291667,
PhysicalSciences.STM.M22-V/AverageMassFlow,2024-06-30 00:00:00,D,1036.068181250,Steam,2024-12-28,77.034769791,1560.407110416,536.075,
PhysicalSciences.CW.FP/TONS,2024-07-01 00:00:00,D,166.664738541,Chilled Water,2024-12-29,90.655879166,1373.702002083,516.6104167,
PhysicalSciences.STM.M22-V/AverageMassFlow,2024-07-01 00:00:00,D,1203.490954166,Steam,2024-12-30,91.380756250,1471.284468750,516.7864584,
PhysicalSciences.CW.FP/TONS,2024-07-02 00:00:00,D,208.290362105,Chilled Water,2024-12-31,75.169823958,1586.221302083,510.9854167,
PhysicalSciences.STM.M22-V/AverageMassFlow,2024-07-02 00:00:00,D,1103.542534375,Steam,2025-01-01,75.487731250,1671.964937500,509.021875,
PhysicalSciences.CW.FP/TONS,2024-07-03 00:00:00,D,317.531406250,Chilled Water,,,,,
PhysicalSciences.STM.M22-V/AverageMassFlow,2024-07-03 00:00:00,D,1088.826858333,Steam,,,,,
PhysicalSciences.CW.FP/TONS,2024-07-04 00:00:00,D,452.081400000,Chilled Water,,,,,
PhysicalSciences.STM.M22-V/AverageMassFlow,2024-07-04 00:00:00,D,1066.554460416,Steam,,,,,
PhysicalSciences.CW.FP/TONS,2024-07-05 00:00:00,D,525.335427083,Chilled Water,,,,,
PhysicalSciences.STM.M22-V/AverageMassFlow,2024-07-05 00:00:00,D,1081.110076041,Steam,,,,,
PhysicalSciences.CW.FP/TONS,2024-07-06 00:00:00,D,484.769052083,Chilled Water,,,,,
PhysicalSciences.STM.M22-V/AverageMassFlow,2024-07-06 00:00:00,D,958.106228125,Steam,,,,,
PhysicalSciences.CW.FP/TONS,2024-07-07 00:00:00,D,367.209927083,Chilled Water,,,,,
PhysicalSciences.STM.M22-V/AverageMassFlow,2024-07-07 00:00:00,D,963.578020833,Steam,,,,,
PhysicalSciences.CW.FP/TONS,2024-07-08 00:00:00,D,417.338337209,Chilled Water,,,,,
PhysicalSciences.STM.M22-V/AverageMassFlow,2024-07-08 00:00:00,D,1018.886963541,Steam,,,,,
PhysicalSciences.CW.FP/TONS,2024-07-09 00:00:00,D,474.052520833,Chilled Water,,,,,
PhysicalSciences.STM.M22-V/AverageMassFlow,2024-07-09 00:00:00,D,1053.907325000,Steam,,,,,
PhysicalSciences.CW.FP/TONS,2024-07-10 00:00:00,D,562.903541666,Chilled Water,,,,,
PhysicalSciences.STM.M22-V/AverageMassFlow,2024-07-10 00:00:00,D,1048.347212500,Steam,,,,,
PhysicalSciences.CW.FP/TONS,2024-07-11 00:00:00,D,467.100239583,Chilled Water,,,,,
PhysicalSciences.STM.M22-V/AverageMassFlow,2024-07-11 00:00:00,D,1076.264497916,Steam,,,,,
PhysicalSciences.CW.FP/TONS,2024-07-12 00:00:00,D,407.052281250,Chilled Water,,,,,
PhysicalSciences.STM.M22-V/AverageMassFlow,2024-07-12 00:00:00,D,1110.349760416,Steam,,,,,
PhysicalSciences.CW.FP/TONS,2024-07-13 00:00:00,D,413.091311827,Chilled Water,,,,,
PhysicalSciences.STM.M22-V/AverageMassFlow,2024-07-13 00:00:00,D,968.260994791,Steam,,,,,
PhysicalSciences.CW.FP/TONS,2024-07-14 00:00:00,D,337.362822916,Chilled Water,,,,,
PhysicalSciences.STM.M22-V/AverageMassFlow,2024-07-14 00:00:00,D,980.132732291,Steam,,,,,
PhysicalSciences.CW.FP/TONS,2024-07-15 00:00:00,D,480.039895833,Chilled Water,,,,,
PhysicalSciences.STM.M22-V/AverageMassFlow,2024-07-15 00:00:00,D,1027.799840625,Steam,,,,,
PhysicalSciences.CW.FP/TONS,2024-07-16 00:00:00,D,475.786572916,Chilled Water,,,,,
PhysicalSciences.STM.M22-V/AverageMassFlow,2024-07-16 00:00:00,D,1064.198410416,Steam,,,,,
PhysicalSciences.CW.FP/TONS,2024-07-17 00:00:00,D,469.970526315,Chilled Water,,,,,
PhysicalSciences.STM.M22-V/AverageMassFlow,2024-07-17 00:00:00,D,1059.808351041,Steam,,,,,
PhysicalSciences.CW.FP/TONS,2024-07-18 00:00:00,D,344.443364583,Chilled Water,,,,,
PhysicalSciences.STM.M22-V/AverageMassFlow,2024-07-18 00:00:00,D,1123.824382291,Steam,,,,,
PhysicalSciences.CW.FP/TONS,2024-07-19 00:00:00,D,218.497258333,Chilled Water,,,,,
PhysicalSciences.STM.M22-V/AverageMassFlow,2024-07-19 00:00:00,D,1102.642258333,Steam,,,,,
PhysicalSciences.CW.FP/TONS,2024-07-20 00:00:00,D,221.163079347,Chilled Water,,,,,
PhysicalSciences.STM.M22-V/AverageMassFlow,2024-07-20 00:00:00,D,1008.342347916,Steam,,,,,
PhysicalSciences.CW.FP/TONS,2024-07-21 00:00:00,D,269.525378125,Chilled Water,,,,,
PhysicalSciences.STM.M22-V/AverageMassFlow,2024-07-21 00:00:00,D,960.959962500,Steam,,,,,
PhysicalSciences.CW.FP/TONS,2024-07-22 00:00:00,D,364.631343750,Chilled Water,,,,,
PhysicalSciences.STM.M22-V/AverageMassFlow,2024-07-22 00:00:00,D,1017.075250000,Steam,,,,,
PhysicalSciences.CW.FP/TONS,2024-07-23 00:00:00,D,411.113723404,Chilled Water,,,,,
PhysicalSciences.STM.M22-V/AverageMassFlow,2024-07-23 00:00:00,D,1083.806994791,Steam,,,,,
PhysicalSciences.CW.FP/TONS,2024-07-24 00:00:00,D,436.277427083,Chilled Water,,,,,
PhysicalSciences.STM.M22-V/AverageMassFlow,2024-07-24 00:00:00,D,1086.862514583,Steam,,,,,
PhysicalSciences.CW.FP/TONS,2024-07-25 00:00:00,D,337.561644444,Chilled Water,,,,,
PhysicalSciences.STM.M22-V/AverageMassFlow,2024-07-25 00:00:00,D,1085.001959375,Steam,,,,,
PhysicalSciences.CW.FP/TONS,2024-07-26 00:00:00,D,230.717330208,Chilled Water,,,,,
PhysicalSciences.STM.M22-V/AverageMassFlow,2024-07-26 00:00:00,D,1074.869266666,Steam,,,,,
PhysicalSciences.CW.FP/TONS,2024-07-27 00:00:00,D,208.087048958,Chilled Water,,,,,
PhysicalSciences.STM.M22-V/AverageMassFlow,2024-07-27 00:00:00,D,976.972678125,Steam,,,,,
PhysicalSciences.CW.FP/TONS,2024-07-28 00:00:00,D,254.576302083,Chilled Water,,,,,
PhysicalSciences.STM.M22-V/AverageMassFlow,2024-07-28 00:00:00,D,963.789936458,Steam,,,,,
PhysicalSciences.CW.FP/TONS,2024-07-29 00:00:00,D,337.009156250,Chilled Water,,,,,
PhysicalSciences.STM.M22-V/AverageMassFlow,2024-07-29 00:00:00,D,1074.309161458,Steam,,,,,
PhysicalSciences.CW.FP/TONS,2024-07-30 00:00:00,D,490.093916666,Chilled Water,,,,,
PhysicalSciences.STM.M22-V/AverageMassFlow,2024-07-30 00:00:00,D,1077.562397916,Steam,,,,,
PhysicalSciences.CW.FP/TONS,2024-07-31 00:00:00,D,509.609687500,Chilled Water,,,,,
PhysicalSciences.STM.M22-V/AverageMassFlow,2024-07-31 00:00:00,D,1073.143153125,Steam,,,,,
PhysicalSciences.CW.FP/TONS,2024-08-01 00:00:00,D,484.423894736,Chilled Water,,,,,
PhysicalSciences.STM.M22-V/AverageMassFlow,2024-08-01 00:00:00,D,1067.043604166,Steam,,,,,
PhysicalSciences.CW.FP/TONS,2024-08-02 00:00:00,D,498.689687500,Chilled Water,,,,,
PhysicalSciences.STM.M22-V/AverageMassFlow,2024-08-02 00:00:00,D,1065.619780208,Steam,,,,,
PhysicalSciences.CW.FP/TONS,2024-08-03 00:00:00,D,455.777270833,Chilled Water,,,,,
PhysicalSciences.STM.M22-V/AverageMassFlow,2024-08-03 00:00:00,D,1020.584430208,Steam,,,,,
PhysicalSciences.CW.FP/TONS,2024-08-04 00:00:00,D,458.702552083,Chilled Water,,,,,
PhysicalSciences.STM.M22-V/AverageMassFlow,2024-08-04 00:00:00,D,963.872737500,Steam,,,,,
PhysicalSciences.CW.FP/TONS,2024-08-05 00:00:00,D,395.697375000,Chilled Water,,,,,
PhysicalSciences.STM.M22-V/AverageMassFlow,2024-08-05 00:00:00,D,1084.478680208,Steam,,,,,
PhysicalSciences.CW.FP/TONS,2024-08-06 00:00:00,D,445.328221052,Chilled Water,,,,,
PhysicalSciences.STM.M22-V/AverageMassFlow,2024-08-06 00:00:00,D,1151.577191666,Steam,,,,,
PhysicalSciences.CW.FP/TONS,2024-08-07 00:00:00,D,305.194083333,Chilled Water,,,,,
PhysicalSciences.STM.M22-V/AverageMassFlow,2024-08-07 00:00:00,D,1155.900119791,Steam,,,,,
PhysicalSciences.CW.FP/TONS,2024-08-08 00:00:00,D,348.873135416,Chilled Water,,,,,
PhysicalSciences.STM.M22-V/AverageMassFlow,2024-08-08 00:00:00,D,1143.524929166,Steam,,,,,
PhysicalSciences.CW.FP/TONS,2024-08-09 00:00:00,D,459.185395833,Chilled Water,,,,,
PhysicalSciences.STM.M22-V/AverageMassFlow,2024-08-09 00:00:00,D,1124.244108333,Steam,,,,,
PhysicalSciences.CW.FP/TONS,2024-08-10 00:00:00,D,314.952312500,Chilled Water,,,,,
PhysicalSciences.STM.M22-V/AverageMassFlow,2024-08-10 00:00:00,D,1033.576392708,Steam,,,,,
PhysicalSciences.CW.FP/TONS,2024-08-11 00:00:00,D,202.318037894,Chilled Water,,,,,
PhysicalSciences.STM.M22-V/AverageMassFlow,2024-08-11 00:00:00,D,1034.097656842,Steam,,,,,
PhysicalSciences.CW.FP/TONS,2024-08-12 00:00:00,D,205.045950000,Chilled Water,,,,,
PhysicalSciences.STM.M22-V/AverageMassFlow,2024-08-12 00:00:00,D,1196.662096875,Steam,,,,,
PhysicalSciences.CW.FP/TONS,2024-08-13 00:00:00,D,278.002635416,Chilled Water,,,,,
PhysicalSciences.STM.M22-V/AverageMassFlow,2024-08-13 00:00:00,D,1146.620735416,Steam,,,,,
PhysicalSciences.CW.FP/TONS,2024-08-14 00:00:00,D,254.778025000,Chilled Water,,,,,
PhysicalSciences.STM.M22-V/AverageMassFlow,2024-08-14 00:00:00,D,1115.542396875,Steam,,,,,
PhysicalSciences.CW.FP/TONS,2024-08-15 00:00:00,D,271.988243750,Chilled Water,,,,,
PhysicalSciences.STM.M22-V/AverageMassFlow,2024-08-15 00:00:00,D,1083.767828125,Steam,,,,,
PhysicalSciences.CW.FP/TONS,2024-08-16 00:00:00,D,282.186437500,Chilled Water,,,,,
PhysicalSciences.STM.M22-V/AverageMassFlow,2024-08-16 00:00:00,D,1079.123969791,Steam,,,,,
PhysicalSciences.CW.FP/TONS,2024-08-17 00:00:00,D,362.246093750,Chilled Water,,,,,
PhysicalSciences.STM.M22-V/AverageMassFlow,2024-08-17 00:00:00,D,953.997292708,Steam,,,,,
PhysicalSciences.CW.FP/TONS,2024-08-18 00:00:00,D,395.548479166,Chilled Water,,,,,
PhysicalSciences.STM.M22-V/AverageMassFlow,2024-08-18 00:00:00,D,984.139823958,Steam,,,,,
PhysicalSciences.CW.FP/TONS,2024-08-19 00:00:00,D,327.481284375,Chilled Water,,,,,
PhysicalSciences.STM.M22-V/AverageMassFlow,2024-08-19 00:00:00,D,1110.476864583,Steam,,,,,
PhysicalSciences.CW.FP/TONS,2024-08-20 00:00:00,D,121.607016666,Chilled Water,,,,,
PhysicalSciences.STM.M22-V/AverageMassFlow,2024-08-20 00:00:00,D,1283.697736458,Steam,,,,,
PhysicalSciences.CW.FP/TONS,2024-08-21 00:00:00,D,118.001243750,Chilled Water,,,,,
PhysicalSciences.STM.M22-V/AverageMassFlow,2024-08-21 00:00:00,D,1166.348563541,Steam,,,,,
PhysicalSciences.CW.FP/TONS,2024-08-22 00:00:00,D,177.110432291,Chilled Water,,,,,
PhysicalSciences.STM.M22-V/AverageMassFlow,2024-08-22 00:00:00,D,1191.360571875,Steam,,,,,
PhysicalSciences.CW.FP/TONS,2024-08-23 00:00:00,D,182.077262765,Chilled Water,,,,,
PhysicalSciences.STM.M22-V/AverageMassFlow,2024-08-23 00:00:00,D,1064.794416666,Steam,,,,,
PhysicalSciences.CW.FP/TONS,2024-08-24 00:00:00,D,206.140329032,Chilled Water,,,,,
PhysicalSciences.STM.M22-V/AverageMassFlow,2024-08-24 00:00:00,D,1019.624318750,Steam,,,,,
PhysicalSciences.CW.FP/TONS,2024-08-25 00:00:00,D,255.509868750,Chilled Water,,,,,
PhysicalSciences.STM.M22-V/AverageMassFlow,2024-08-25 00:00:00,D,986.486677083,Steam,,,,,
PhysicalSciences.CW.FP/TONS,2024-08-26 00:00:00,D,269.187862500,Chilled Water,,,,,
PhysicalSciences.STM.M22-V/AverageMassFlow,2024-08-26 00:00:00,D,1083.888208333,Steam,,,,,
PhysicalSciences.CW.FP/TONS,2024-08-27 00:00:00,D,313.699782291,Chilled Water,,,,,
PhysicalSciences.STM.M22-V/AverageMassFlow,2024-08-27 00:00:00,D,1081.468154166,Steam,,,,,
PhysicalSciences.CW.FP/TONS,2024-08-28 00:00:00,D,484.271935416,Chilled Water,,,,,
PhysicalSciences.STM.M22-V/AverageMassFlow,2024-08-28 00:00:00,D,1042.357584375,Steam,,,,,
PhysicalSciences.CW.FP/TONS,2024-08-29 00:00:00,D,307.720473684,Chilled Water,,,,,
PhysicalSciences.STM.M22-V/AverageMassFlow,2024-08-29 00:00:00,D,1126.959776041,Steam,,,,,
PhysicalSciences.CW.FP/TONS,2024-08-30 00:00:00,D,351.864156250,Chilled Water,,,,,
PhysicalSciences.STM.M22-V/AverageMassFlow,2024-08-30 00:00:00,D,1126.568035416,Steam,,,,,
PhysicalSciences.CW.FP/TONS,2024-08-31 00:00:00,D,366.349885416,Chilled Water,,,,,
PhysicalSciences.STM.M22-V/AverageMassFlow,2024-08-31 00:00:00,D,1097.934266666,Steam,,,,,
PhysicalSciences.CW.FP/TONS,2024-09-01 00:00:00,D,363.063625000,Chilled Water,,,,,
PhysicalSciences.STM.M22-V/AverageMassFlow,2024-09-01 00:00:00,D,993.960313541,Steam,,,,,
PhysicalSciences.CW.FP/TONS,2024-09-02 00:00:00,D,173.357981250,Chilled Water,,,,,
PhysicalSciences.STM.M22-V/AverageMassFlow,2024-09-02 00:00:00,D,1170.973476041,Steam,,,,,
PhysicalSciences.CW.FP/TONS,2024-09-03 00:00:00,D,146.536472916,Chilled Water,,,,,
PhysicalSciences.STM.M22-V/AverageMassFlow,2024-09-03 00:00:00,D,1229.586426041,Steam,,,,,
PhysicalSciences.CW.FP/TONS,2024-09-04 00:00:00,D,167.943763541,Chilled Water,,,,,
PhysicalSciences.STM.M22-V/AverageMassFlow,2024-09-04 00:00:00,D,1115.775939583,Steam,,,,,
PhysicalSciences.CW.FP/TONS,2024-09-05 00:00:00,D,199.432704166,Chilled Water,,,,,
PhysicalSciences.STM.M22-V/AverageMassFlow,2024-09-05 00:00:00,D,1109.323273958,Steam,,,,,
PhysicalSciences.CW.FP/TONS,2024-09-06 00:00:00,D,236.237422916,Chilled Water,,,,,
PhysicalSciences.STM.M22-V/AverageMassFlow,2024-09-06 00:00:00,D,1085.991711458,Steam,,,,,
PhysicalSciences.CW.FP/TONS,2024-09-07 00:00:00,D,194.632157291,Chilled Water,,,,,
PhysicalSciences.STM.M22-V/AverageMassFlow,2024-09-07 00:00:00,D,1049.569587500,Steam,,,,,
PhysicalSciences.CW.FP/TONS,2024-09-08 00:00:00,D,115.779362500,Chilled Water,,,,,
PhysicalSciences.STM.M22-V/AverageMassFlow,2024-09-08 00:00:00,D,1116.599218750,Steam,,,,,
PhysicalSciences.CW.FP/TONS,2024-09-09 00:00:00,D,156.090563440,Chilled Water,,,,,
PhysicalSciences.STM.M22-V/AverageMassFlow,2024-09-09 00:00:00,D,1184.638113541,Steam,,,,,
PhysicalSciences.CW.FP/TONS,2024-09-10 00:00:00,D,183.174933333,Chilled Water,,,,,
PhysicalSciences.STM.M22-V/AverageMassFlow,2024-09-10 00:00:00,D,1248.708781250,Steam,,,,,
PhysicalSciences.CW.FP/TONS,2024-09-11 00:00:00,D,181.643307291,Chilled Water,,,,,
PhysicalSciences.STM.M22-V/AverageMassFlow,2024-09-11 00:00:00,D,1167.399397916,Steam,,,,,
PhysicalSciences.CW.FP/TONS,2024-09-12 00:00:00,D,241.552648958,Chilled Water,,,,,
PhysicalSciences.STM.M22-V/AverageMassFlow,2024-09-12 00:00:00,D,1159.134323958,Steam,,,,,
PhysicalSciences.CW.FP/TONS,2024-09-13 00:00:00,D,269.789381250,Chilled Water,,,,,
PhysicalSciences.STM.M22-V/AverageMassFlow,2024-09-13 00:00:00,D,1116.526587500,Steam,,,,,
PhysicalSciences.CW.FP/TONS,2024-09-14 00:00:00,D,271.244356250,Chilled Water,,,,,
PhysicalSciences.STM.M22-V/AverageMassFlow,2024-09-14 00:00:00,D,1029.046667708,Steam,,,,,
PhysicalSciences.CW.FP/TONS,2024-09-15 00:00:00,D,274.262050000,Chilled Water,,,,,
PhysicalSciences.STM.M22-V/AverageMassFlow,2024-09-15 00:00:00,D,984.494151041,Steam,,,,,
PhysicalSciences.CW.FP/TONS,2024-09-16 00:00:00,D,302.034281250,Chilled Water,,,,,
PhysicalSciences.STM.M22-V/AverageMassFlow,2024-09-16 00:00:00,D,1147.731833333,Steam,,,,,
PhysicalSciences.CW.FP/TONS,2024-09-17 00:00:00,D,238.335289583,Chilled Water,,,,,
PhysicalSciences.STM.M22-V/AverageMassFlow,2024-09-17 00:00:00,D,1226.768090625,Steam,,,,,
PhysicalSciences.CW.FP/TONS,2024-09-18 00:00:00,D,224.906579166,Chilled Water,,,,,
PhysicalSciences.STM.M22-V/AverageMassFlow,2024-09-18 00:00:00,D,1198.750079166,Steam,,,,,
PhysicalSciences.CW.FP/TONS,2024-09-19 00:00:00,D,279.974566315,Chilled Water,,,,,
PhysicalSciences.STM.M22-V/AverageMassFlow,2024-09-19 00:00:00,D,1256.642836458,Steam,,,,,
PhysicalSciences.CW.FP/TONS,2024-09-20 00:00:00,D,290.059980208,Chilled Water,,,,,
PhysicalSciences.STM.M22-V/AverageMassFlow,2024-09-20 00:00:00,D,1148.456314583,Steam,,,,,
PhysicalSciences.CW.FP/TONS,2024-09-21 00:00:00,D,274.980270833,Chilled Water,,,,,
PhysicalSciences.STM.M22-V/AverageMassFlow,2024-09-21 00:00:00,D,992.915420833,Steam,,,,,
PhysicalSciences.CW.FP/TONS,2024-09-22 00:00:00,D,261.858718750,Chilled Water,,,,,
PhysicalSciences.STM.M22-V/AverageMassFlow,2024-09-22 00:00:00,D,1008.526039583,Steam,,,,,
PhysicalSciences.CW.FP/TONS,2024-09-23 00:00:00,D,187.645240625,Chilled Water,,,,,
PhysicalSciences.STM.M22-V/AverageMassFlow,2024-09-23 00:00:00,D,1238.358410416,Steam,,,,,
PhysicalSciences.CW.FP/TONS,2024-09-24 00:00:00,D,137.450910416,Chilled Water,,,,,
PhysicalSciences.STM.M22-V/AverageMassFlow,2024-09-24 00:00:00,D,1428.014593750,Steam,,,,,
PhysicalSciences.CW.FP/TONS,2024-09-25 00:00:00,D,178.942076041,Chilled Water,,,,,
PhysicalSciences.STM.M22-V/AverageMassFlow,2024-09-25 00:00:00,D,1360.767773958,Steam,,,,,
PhysicalSciences.CW.FP/TONS,2024-09-26 00:00:00,D,318.417166666,Chilled Water,,,,,
PhysicalSciences.STM.M22-V/AverageMassFlow,2024-09-26 00:00:00,D,1349.748410416,Steam,,,,,
PhysicalSciences.CW.FP/TONS,2024-09-27 00:00:00,D,235.445250000,Chilled Water,,,,,
PhysicalSciences.STM.M22-V/AverageMassFlow,2024-09-27 00:00:00,D,1241.840651041,Steam,,,,,
PhysicalSciences.CW.FP/TONS,2024-09-28 00:00:00,D,257.927510416,Chilled Water,,,,,
PhysicalSciences.STM.M22-V/AverageMassFlow,2024-09-28 00:00:00,D,1119.428971875,Steam,,,,,
PhysicalSciences.CW.FP/TONS,2024-09-29 00:00:00,D,243.778895833,Chilled Water,,,,,
PhysicalSciences.STM.M22-V/AverageMassFlow,2024-09-29 00:00:00,D,1145.822654166,Steam,,,,,
PhysicalSciences.CW.FP/TONS,2024-09-30 00:00:00,D,261.528552083,Chilled Water,,,,,
PhysicalSciences.STM.M22-V/AverageMassFlow,2024-09-30 00:00:00,D,1281.082103125,Steam,,,,,
PhysicalSciences.CW.FP/TONS,2024-10-01 00:00:00,D,226.328800000,Chilled Water,,,,,
PhysicalSciences.STM.M22-V/AverageMassFlow,2024-10-01 00:00:00,D,1302.034767708,Steam,,,,,
PhysicalSciences.CW.FP/TONS,2024-10-02 00:00:00,D,157.581284375,Chilled Water,,,,,
PhysicalSciences.STM.M22-V/AverageMassFlow,2024-10-02 00:00:00,D,1323.031064583,Steam,,,,,
PhysicalSciences.CW.FP/TONS,2024-10-03 00:00:00,D,153.561243750,Chilled Water,,,,,
PhysicalSciences.STM.M22-V/AverageMassFlow,2024-10-03 00:00:00,D,1298.146053125,Steam,,,,,
PhysicalSciences.CW.FP/TONS,2024-10-04 00:00:00,D,176.810181250,Chilled Water,,,,,
PhysicalSciences.STM.M22-V/AverageMassFlow,2024-10-04 00:00:00,D,1162.313136458,Steam,,,,,
PhysicalSciences.CW.FP/TONS,2024-10-05 00:00:00,D,137.030195833,Chilled Water,,,,,
PhysicalSciences.STM.M22-V/AverageMassFlow,2024-10-05 00:00:00,D,1035.554069791,Steam,,,,,
PhysicalSciences.CW.FP/TONS,2024-10-06 00:00:00,D,140.953542708,Chilled Water,,,,,
PhysicalSciences.STM.M22-V/AverageMassFlow,2024-10-06 00:00:00,D,1058.305972916,Steam,,,,,
PhysicalSciences.CW.FP/TONS,2024-10-07 00:00:00,D,147.353809375,Chilled Water,,,,,
PhysicalSciences.STM.M22-V/AverageMassFlow,2024-10-07 00:00:00,D,1302.421569791,Steam,,,,,
PhysicalSciences.CW.FP/TONS,2024-10-08 00:00:00,D,105.513779166,Chilled Water,,,,,
PhysicalSciences.STM.M22-V/AverageMassFlow,2024-10-08 00:00:00,D,1400.887250000,Steam,,,,,
PhysicalSciences.CW.FP/TONS,2024-10-09 00:00:00,D,95.852078125,Chilled Water,,,,,
PhysicalSciences.STM.M22-V/AverageMassFlow,2024-10-09 00:00:00,D,1346.075726041,Steam,,,,,
PhysicalSciences.CW.FP/TONS,2024-10-10 00:00:00,D,78.838156250,Chilled Water,,,,,
PhysicalSciences.STM.M22-V/AverageMassFlow,2024-10-10 00:00:00,D,1459.820072916,Steam,,,,,
PhysicalSciences.CW.FP/TONS,2024-10-11 00:00:00,D,124.725430208,Chilled Water,,,,,
PhysicalSciences.STM.M22-V/AverageMassFlow,2024-10-11 00:00:00,D,1352.544545833,Steam,,,,,
PhysicalSciences.CW.FP/TONS,2024-10-12 00:00:00,D,141.698588541,Chilled Water,,,,,
PhysicalSciences.STM.M22-V/AverageMassFlow,2024-10-12 00:00:00,D,1138.265162500,Steam,,,,,
PhysicalSciences.CW.FP/TONS,2024-10-13 00:00:00,D,76.349203125,Chilled Water,,,,,
PhysicalSciences.STM.M22-V/AverageMassFlow,2024-10-13 00:00:00,D,1195.265662500,Steam,,,,,
PhysicalSciences.CW.FP/TONS,2024-10-14 00:00:00,D,77.143961956,Chilled Water,,,,,
PhysicalSciences.STM.M22-V/AverageMassFlow,2024-10-14 00:00:00,D,1441.443989583,Steam,,,,,
PhysicalSciences.CW.FP/TONS,2024-10-15 00:00:00,D,76.381809375,Chilled Water,,,,,
PhysicalSciences.STM.M22-V/AverageMassFlow,2024-10-15 00:00:00,D,1475.055697916,Steam,,,,,
PhysicalSciences.CW.FP/TONS,2024-10-16 00:00:00,D,78.465166666,Chilled Water,,,,,
PhysicalSciences.STM.M22-V/AverageMassFlow,2024-10-16 00:00:00,D,1477.562041666,Steam,,,,,
PhysicalSciences.CW.FP/TONS,2024-10-17 00:00:00,D,82.534812500,Chilled Water,,,,,
PhysicalSciences.STM.M22-V/AverageMassFlow,2024-10-17 00:00:00,D,1480.467916666,Steam,,,,,
PhysicalSciences.CW.FP/TONS,2024-10-18 00:00:00,D,104.250623157,Chilled Water,,,,,
PhysicalSciences.STM.M22-V/AverageMassFlow,2024-10-18 00:00:00,D,1409.872264583,Steam,,,,,
PhysicalSciences.CW.FP/TONS,2024-10-19 00:00:00,D,116.492600000,Chilled Water,,,,,
PhysicalSciences.STM.M22-V/AverageMassFlow,2024-10-19 00:00:00,D,1243.919673958,Steam,,,,,
PhysicalSciences.CW.FP/TONS,2024-10-20 00:00:00,D,133.361159574,Chilled Water,,,,,
PhysicalSciences.STM.M22-V/AverageMassFlow,2024-10-20 00:00:00,D,1177.866197916,Steam,,,,,
PhysicalSciences.CW.FP/TONS,2024-10-21 00:00:00,D,185.763572916,Chilled Water,,,,,
PhysicalSciences.STM.M22-V/AverageMassFlow,2024-10-21 00:00:00,D,1200.145133333,Steam,,,,,
PhysicalSciences.CW.FP/TONS,2024-10-22 00:00:00,D,222.888566666,Chilled Water,,,,,
PhysicalSciences.STM.M22-V/AverageMassFlow,2024-10-22 00:00:00,D,1244.503018750,Steam,,,,,
PhysicalSciences.CW.FP/TONS,2024-10-23 00:00:00,D,241.093493750,Chilled Water,,,,,
PhysicalSciences.STM.M22-V/AverageMassFlow,2024-10-23 00:00:00,D,1227.532163541,Steam,,,,,
PhysicalSciences.CW.FP/TONS,2024-10-24 00:00:00,D,96.554335416,Chilled Water,,,,,
PhysicalSciences.STM.M22-V/AverageMassFlow,2024-10-24 00:00:00,D,1293.455920833,Steam,,,,,
PhysicalSciences.CW.FP/TONS,2024-10-25 00:00:00,D,97.826737500,Chilled Water,,,,,
PhysicalSciences.STM.M22-V/AverageMassFlow,2024-10-25 00:00:00,D,1400.487286458,Steam,,,,,
PhysicalSciences.CW.FP/TONS,2024-10-26 00:00:00,D,79.844804166,Chilled Water,,,,,
PhysicalSciences.STM.M22-V/AverageMassFlow,2024-10-26 00:00:00,D,1086.081093750,Steam,,,,,
PhysicalSciences.CW.FP/TONS,2024-10-27 00:00:00,D,75.125179166,Chilled Water,,,,,
PhysicalSciences.STM.M22-V/AverageMassFlow,2024-10-27 00:00:00,D,1169.583136458,Steam,,,,,
PhysicalSciences.CW.FP/TONS,2024-10-28 00:00:00,D,88.861280208,Chilled Water,,,,,
PhysicalSciences.STM.M22-V/AverageMassFlow,2024-10-28 00:00:00,D,1327.771292708,Steam,,,,,
PhysicalSciences.CW.FP/TONS,2024-10-29 00:00:00,D,82.059416666,Chilled Water,,,,,
PhysicalSciences.STM.M22-V/AverageMassFlow,2024-10-29 00:00:00,D,1373.822583333,Steam,,,,,
PhysicalSciences.CW.FP/TONS,2024-10-30 00:00:00,D,192.905854166,Chilled Water,,,,,
PhysicalSciences.STM.M22-V/AverageMassFlow,2024-10-30 00:00:00,D,1281.563908333,Steam,,,,,
PhysicalSciences.CW.FP/TONS,2024-10-31 00:00:00,D,239.447988541,Chilled Water,,,,,
PhysicalSciences.STM.M22-V/AverageMassFlow,2024-10-31 00:00:00,D,1271.198984375,Steam,,,,,
PhysicalSciences.CW.FP/TONS,2024-11-01 00:00:00,D,186.423783333,Chilled Water,,,,,
PhysicalSciences.STM.M22-V/AverageMassFlow,2024-11-01 00:00:00,D,1263.106315625,Steam,,,,,
PhysicalSciences.CW.FP/TONS,2024-11-02 00:00:00,D,77.071080208,Chilled Water,,,,,
PhysicalSciences.STM.M22-V/AverageMassFlow,2024-11-02 00:00:00,D,1152.720891666,Steam,,,,,
PhysicalSciences.CW.FP/TONS,2024-11-03 00:00:00,D,69.102919791,Chilled Water,,,,,
PhysicalSciences.STM.M22-V/AverageMassFlow,2024-11-03 00:00:00,D,1453.558569791,Steam,,,,,
PhysicalSciences.CW.FP/TONS,2024-11-04 00:00:00,D,80.391253125,Chilled Water,,,,,
PhysicalSciences.STM.M22-V/AverageMassFlow,2024-11-04 00:00:00,D,1336.599955208,Steam,,,,,
PhysicalSciences.CW.FP/TONS,2024-11-05 00:00:00,D,171.448578125,Chilled Water,,,,,
PhysicalSciences.STM.M22-V/AverageMassFlow,2024-11-05 00:00:00,D,1293.545710416,Steam,,,,,
PhysicalSciences.CW.FP/TONS,2024-11-06 00:00:00,D,244.178452631,Chilled Water,,,,,
PhysicalSciences.STM.M22-V/AverageMassFlow,2024-11-06 00:00:00,D,1227.146868750,Steam,,,,,
PhysicalSciences.CW.FP/TONS,2024-11-07 00:00:00,D,100.400953125,Chilled Water,,,,,
PhysicalSciences.STM.M22-V/AverageMassFlow,2024-11-07 00:00:00,D,1362.998643750,Steam,,,,,
PhysicalSciences.CW.FP/TONS,2024-11-08 00:00:00,D,70.131402083,Chilled Water,,,,,
PhysicalSciences.STM.M22-V/AverageMassFlow,2024-11-08 00:00:00,D,1286.166416666,Steam,,,,,
PhysicalSciences.CW.FP/TONS,2024-11-09 00:00:00,D,61.267533333,Chilled Water,,,,,
PhysicalSciences.STM.M22-V/AverageMassFlow,2024-11-09 00:00:00,D,1232.701077083,Steam,,,,,
PhysicalSciences.CW.FP/TONS,2024-11-10 00:00:00,D,66.143635416,Chilled Water,,,,,
PhysicalSciences.STM.M22-V/AverageMassFlow,2024-11-10 00:00:00,D,1238.300035416,Steam,,,,,
PhysicalSciences.CW.FP/TONS,2024-11-11 00:00:00,D,60.946647916,Chilled Water,,,,,
PhysicalSciences.STM.M22-V/AverageMassFlow,2024-11-11 00:00:00,D,1165.744352083,Steam,,,,,
PhysicalSciences.CW.FP/TONS,2024-11-12 00:00:00,D,61.502172916,Chilled Water,,,,,
PhysicalSciences.STM.M22-V/AverageMassFlow,2024-11-12 00:00:00,D,1460.559742708,Steam,,,,,
PhysicalSciences.CW.FP/TONS,2024-11-13 00:00:00,D,68.318513333,Chilled Water,,,,,
PhysicalSciences.STM.M22-V/AverageMassFlow,2024-11-13 00:00:00,D,1788.581250000,Steam,,,,,
PhysicalSciences.CW.FP/TONS,2024-11-14 00:00:00,D,75.814922916,Chilled Water,,,,,
PhysicalSciences.STM.M22-V/AverageMassFlow,2024-11-14 00:00:00,D,1610.751564583,Steam,,,,,
PhysicalSciences.CW.FP/TONS,2024-11-15 00:00:00,D,74.209093750,Chilled Water,,,,,
PhysicalSciences.STM.M22-V/AverageMassFlow,2024-11-15 00:00:00,D,1372.107637500,Steam,,,,,
PhysicalSciences.CW.FP/TONS,2024-11-16 00:00:00,D,82.476898958,Chilled Water,,,,,
PhysicalSciences.STM.M22-V/AverageMassFlow,2024-11-16 00:00:00,D,1040.340601041,Steam,,,,,
PhysicalSciences.CW.FP/TONS,2024-11-17 00:00:00,D,82.089828125,Chilled Water,,,,,
PhysicalSciences.STM.M22-V/AverageMassFlow,2024-11-17 00:00:00,D,1227.345596875,Steam,,,,,
PhysicalSciences.CW.FP/TONS,2024-11-18 00:00:00,D,89.818953125,Chilled Water,,,,,
PhysicalSciences.STM.M22-V/AverageMassFlow,2024-11-18 00:00:00,D,1349.357876041,Steam,,,,,
PhysicalSciences.CW.FP/TONS,2024-11-19 00:00:00,D,84.532585416,Chilled Water,,,,,
PhysicalSciences.STM.M22-V/AverageMassFlow,2024-11-19 00:00:00,D,1422.036822916,Steam,,,,,
PhysicalSciences.CW.FP/TONS,2024-11-20 00:00:00,D,83.796505208,Chilled Water,,,,,
PhysicalSciences.STM.M22-V/AverageMassFlow,2024-11-20 00:00:00,D,1226.529550000,Steam,,,,,
PhysicalSciences.CW.FP/TONS,2024-11-21 00:00:00,D,85.491585416,Chilled Water,,,,,
PhysicalSciences.STM.M22-V/AverageMassFlow,2024-11-21 00:00:00,D,1464.515034375,Steam,,,,,
PhysicalSciences.CW.FP/TONS,2024-11-22 00:00:00,D,78.610141935,Chilled Water,,,,,
PhysicalSciences.STM.M22-V/AverageMassFlow,2024-11-22 00:00:00,D,1716.614821052,Steam,,,,,
PhysicalSciences.CW.FP/TONS,2024-11-23 00:00:00,D,69.478075000,Chilled Water,,,,,
PhysicalSciences.STM.M22-V/AverageMassFlow,2024-11-23 00:00:00,D,1507.149135416,Steam,,,,,
PhysicalSciences.CW.FP/TONS,2024-11-24 00:00:00,D,69.591769791,Chilled Water,,,,,
PhysicalSciences.STM.M22-V/AverageMassFlow,2024-11-24 00:00:00,D,1336.079005208,Steam,,,,,
PhysicalSciences.CW.FP/TONS,2024-11-25 00:00:00,D,74.530532291,Chilled Water,,,,,
PhysicalSciences.STM.M22-V/AverageMassFlow,2024-11-25 00:00:00,D,1668.512218750,Steam,,,,,
PhysicalSciences.CW.FP/TONS,2024-11-26 00:00:00,D,69.956554166,Chilled Water,,,,,
PhysicalSciences.STM.M22-V/AverageMassFlow,2024-11-26 00:00:00,D,1503.748410416,Steam,,,,,
PhysicalSciences.CW.FP/TONS,2024-11-27 00:00:00,D,73.549910416,Chilled Water,,,,,
PhysicalSciences.STM.M22-V/AverageMassFlow,2024-11-27 00:00:00,D,1632.164750000,Steam,,,,,
PhysicalSciences.CW.FP/TONS,2024-11-28 00:00:00,D,73.939279166,Chilled Water,,,,,
PhysicalSciences.STM.M22-V/AverageMassFlow,2024-11-28 00:00:00,D,1864.620729166,Steam,,,,,
PhysicalSciences.CW.FP/TONS,2024-11-29 00:00:00,D,68.147777083,Chilled Water,,,,,
PhysicalSciences.STM.M22-V/AverageMassFlow,2024-11-29 00:00:00,D,1948.126822916,Steam,,,,,
PhysicalSciences.CW.FP/TONS,2024-11-30 00:00:00,D,71.986497916,Chilled Water,,,,,
PhysicalSciences.STM.M22-V/AverageMassFlow,2024-11-30 00:00:00,D,2235.588760416,Steam,,,,,
PhysicalSciences.CW.FP/TONS,2024-12-01 00:00:00,D,71.528036458,Chilled Water,,,,,
PhysicalSciences.STM.M22-V/AverageMassFlow,2024-12-01 00:00:00,D,2439.541406250,Steam,,,,,
PhysicalSciences.CW.FP/TONS,2024-12-02 00:00:00,D,72.072031250,Chilled Water,,,,,
PhysicalSciences.STM.M22-V/AverageMassFlow,2024-12-02 00:00:00,D,2525.688802083,Steam,,,,,
PhysicalSciences.CW.FP/TONS,2024-12-03 00:00:00,D,72.914518750,Chilled Water,,,,,
PhysicalSciences.STM.M22-V/AverageMassFlow,2024-12-03 00:00:00,D,2499.193145833,Steam,,,,,
PhysicalSciences.CW.FP/TONS,2024-12-04 00:00:00,D,69.692911702,Chilled Water,,,,,
PhysicalSciences.STM.M22-V/AverageMassFlow,2024-12-04 00:00:00,D,2626.151020833,Steam,,,,,
PhysicalSciences.CW.FP/TONS,2024-12-05 00:00:00,D,70.511304166,Chilled Water,,,,,
PhysicalSciences.STM.M22-V/AverageMassFlow,2024-12-05 00:00:00,D,2468.264770833,Steam,,,,,
PhysicalSciences.CW.FP/TONS,2024-12-06 00:00:00,D,75.713514893,Chilled Water,,,,,
PhysicalSciences.STM.M22-V/AverageMassFlow,2024-12-06 00:00:00,D,2821.970791666,Steam,,,,,
PhysicalSciences.CW.FP/TONS,2024-12-07 00:00:00,D,77.289071875,Chilled Water,,,,,
PhysicalSciences.STM.M22-V/AverageMassFlow,2024-12-07 00:00:00,D,2451.563114583,Steam,,,,,
PhysicalSciences.CW.FP/TONS,2024-12-08 00:00:00,D,76.267418279,Chilled Water,,,,,
PhysicalSciences.STM.M22-V/AverageMassFlow,2024-12-08 00:00:00,D,1722.828532978,Steam,,,,,
PhysicalSciences.CW.FP/TONS,2024-12-09 00:00:00,D,75.042121052,Chilled Water,,,,,
PhysicalSciences.STM.M22-V/AverageMassFlow,2024-12-09 00:00:00,D,1666.859510416,Steam,,,,,
PhysicalSciences.CW.FP/TONS,2024-12-10 00:00:00,D,72.562902127,Chilled Water,,,,,
PhysicalSciences.STM.M22-V/AverageMassFlow,2024-12-10 00:00:00,D,1354.801679166,Steam,,,,,
PhysicalSciences.CW.FP/TONS,2024-12-11 00:00:00,D,73.841857291,Chilled Water,,,,,
PhysicalSciences.STM.M22-V/AverageMassFlow,2024-12-11 00:00:00,D,1441.306555208,Steam,,,,,
PhysicalSciences.CW.FP/TONS,2024-12-12 00:00:00,D,76.880190625,Chilled Water,,,,,
PhysicalSciences.STM.M22-V/AverageMassFlow,2024-12-12 00:00:00,D,2589.392687500,Steam,,,,,
PhysicalSciences.CW.FP/TONS,2024-12-13 00:00:00,D,79.786619780,Chilled Water,,,,,
PhysicalSciences.STM.M22-V/AverageMassFlow,2024-12-13 00:00:00,D,3100.594645833,Steam,,,,,
PhysicalSciences.CW.FP/TONS,2024-12-14 00:00:00,D,69.254298958,Chilled Water,,,,,
PhysicalSciences.STM.M22-V/AverageMassFlow,2024-12-14 00:00:00,D,2951.227750000,Steam,,,,,
PhysicalSciences.CW.FP/TONS,2024-12-15 00:00:00,D,65.712535416,Chilled Water,,,,,
PhysicalSciences.STM.M22-V/AverageMassFlow,2024-12-15 00:00:00,D,2464.074625000,Steam,,,,,
PhysicalSciences.CW.FP/TONS,2024-12-16 00:00:00,D,67.275344791,Chilled Water,,,,,
PhysicalSciences.STM.M22-V/AverageMassFlow,2024-12-16 00:00:00,D,1921.359552083,Steam,,,,,
PhysicalSciences.CW.FP/TONS,2024-12-17 00:00:00,D,68.926830208,Chilled Water,,,,,
PhysicalSciences.STM.M22-V/AverageMassFlow,2024-12-17 00:00:00,D,1554.764385416,Steam,,,,,
PhysicalSciences.CW.FP/TONS,2024-12-18 00:00:00,D,70.335839583,Chilled Water,,,,,
PhysicalSciences.STM.M22-V/AverageMassFlow,2024-12-18 00:00:00,D,1693.396041666,Steam,,,,,
PhysicalSciences.CW.FP/TONS,2024-12-19 00:00:00,D,73.941290625,Chilled Water,,,,,
PhysicalSciences.STM.M22-V/AverageMassFlow,2024-12-19 00:00:00,D,2070.457177083,Steam,,,,,
PhysicalSciences.CW.FP/TONS,2024-12-20 00:00:00,D,68.366146875,Chilled Water,,,,,
PhysicalSciences.STM.M22-V/AverageMassFlow,2024-12-20 00:00:00,D,2339.013260416,Steam,,,,,
PhysicalSciences.CW.FP/TONS,2024-12-21 00:00:00,D,67.692898958,Chilled Water,,,,,
PhysicalSciences.STM.M22-V/AverageMassFlow,2024-12-21 00:00:00,D,2844.783614583,Steam,,,,,
PhysicalSciences.CW.FP/TONS,2024-12-22 00:00:00,D,68.457057291,Chilled Water,,,,,
PhysicalSciences.STM.M22-V/AverageMassFlow,2024-12-22 00:00:00,D,3726.816354166,Steam,,,,,
PhysicalSciences.CW.FP/TONS,2024-12-23 00:00:00,D,69.363675000,Chilled Water,,,,,
PhysicalSciences.STM.M22-V/AverageMassFlow,2024-12-23 00:00:00,D,3932.402729166,Steam,,,,,
PhysicalSciences.CW.FP/TONS,2024-12-24 00:00:00,D,78.158480208,Chilled Water,,,,,
PhysicalSciences.STM.M22-V/AverageMassFlow,2024-12-24 00:00:00,D,2529.984645833,Steam,,,,,
PhysicalSciences.CW.FP/TONS,2024-12-25 00:00:00,D,76.382613541,Chilled Water,,,,,
PhysicalSciences.STM.M22-V/AverageMassFlow,2024-12-25 00:00:00,D,2461.537156250,Steam,,,,,
PhysicalSciences.CW.FP/TONS,2024-12-26 00:00:00,D,77.852507291,Chilled Water,,,,,
PhysicalSciences.STM.M22-V/AverageMassFlow,2024-12-26 00:00:00,D,2864.000625000,Steam,,,,,
PhysicalSciences.CW.FP/TONS,2024-12-27 00:00:00,D,76.838954166,Chilled Water,,,,,
PhysicalSciences.STM.M22-V/AverageMassFlow,2024-12-27 00:00:00,D,2633.734729166,Steam,,,,,
PhysicalSciences.CW.FP/TONS,2024-12-28 00:00:00,D,77.034769791,Chilled Water,,,,,
PhysicalSciences.STM.M22-V/AverageMassFlow,2024-12-28 00:00:00,D,1560.407110416,Steam,,,,,
PhysicalSciences.CW.FP/TONS,2024-12-29 00:00:00,D,90.655879166,Chilled Water,,,,,
PhysicalSciences.STM.M22-V/AverageMassFlow,2024-12-29 00:00:00,D,1373.702002083,Steam,,,,,
PhysicalSciences.CW.FP/TONS,2024-12-30 00:00:00,D,91.380756250,Chilled Water,,,,,
PhysicalSciences.STM.M22-V/AverageMassFlow,2024-12-30 00:00:00,D,1471.284468750,Steam,,,,,
PhysicalSciences.CW.FP/TONS,2024-12-31 00:00:00,D,75.169823958,Chilled Water,,,,,
PhysicalSciences.STM.M22-V/AverageMassFlow,2024-12-31 00:00:00,D,1586.221302083,Steam,,,,,
PhysicalSciences.CW.FP/TONS,2025-01-01 00:00:00,D,75.487731250,Chilled Water,,,,,
PhysicalSciences.STM.M22-V/AverageMassFlow,2025-01-01 00:00:00,D,1671.964937500,Steam,,,,,